last_name, first_name,player_id,team_name_abbrev,team_id,player_position_name,player_age,bat_side,time_at_00ft,time_at_5ft,time_at_10ft,time_at_15ft,time_at_20ft,time_at_25ft,time_at_30ft,time_at_35ft,time_at_40ft,time_at_45ft,time_at_50ft,time_at_55ft,time_at_60ft,time_at_65ft,time_at_70ft,time_at_75ft,time_at_80ft,time_at_85ft,time_at_90ft
Abrams, CJ,682928,WSH,120,SS,21,L,0.00,0.53,0.82,1.07,1.30,1.51,1.71,1.90,2.09,2.27,2.44,2.62,2.79,2.95,3.12,3.29,3.45,3.63,3.82
Abreu, José,547989,CWS,145,1B,35,R,0.00,0.57,0.92,1.20,1.45,1.68,1.90,2.11,2.32,2.52,2.71,2.90,3.09,3.27,3.46,3.64,3.83,4.02,4.22
Acuña Jr., Ronald,660670,ATL,144,RF,24,R,0.00,0.54,0.85,1.10,1.33,1.54,1.74,1.93,2.12,2.30,2.48,2.65,2.82,2.99,3.16,3.32,3.49,3.65,3.82
Adames, Willy,642715,MIL,158,SS,26,R,0.00,0.56,0.88,1.14,1.39,1.61,1.82,2.02,2.21,2.40,2.59,2.77,2.94,3.12,3.29,3.47,3.64,3.81,3.99
Adams, Riley,656180,WSH,120,C,26,R,0.00,0.56,0.89,1.16,1.41,1.64,1.86,2.07,2.27,2.47,2.66,2.86,3.04,3.23,3.42,3.60,3.79,3.97,4.17
Adell, Jo,666176,LAA,108,LF,23,R,0.00,0.55,0.85,1.11,1.34,1.55,1.75,1.94,2.13,2.31,2.48,2.65,2.82,2.99,3.15,3.31,3.47,3.64,3.81
Adrianza, Ehire,501303,ATL,144,3B,32,R,0.00,0.57,0.90,1.16,1.41,1.63,1.84,2.04,2.24,2.43,2.62,2.81,2.99,3.17,3.35,3.53,3.71,3.89,4.08
Adrianza, Ehire,501303,ATL,144,3B,32,L,0.00,0.56,0.86,1.12,1.35,1.57,1.78,1.98,2.17,2.36,2.55,2.73,2.92,3.10,3.28,3.47,3.65,3.84,4.04
Aguilar, Jesús,542583,BAL,110,1B,32,R,0.00,0.59,0.96,1.26,1.54,1.79,2.02,2.25,2.47,2.68,2.89,3.09,3.29,3.50,3.69,3.89,4.09,4.30,4.51
Ahmed, Nick,605113,AZ,109,SS,32,R,0.00,0.57,0.90,1.17,1.41,1.64,1.85,2.06,2.26,2.45,2.64,2.82,3.00,3.18,3.36,3.54,3.72,3.89,4.07
Alberto, Hanser,593643,LAD,119,2B,29,R,0.00,0.56,0.89,1.16,1.41,1.65,1.87,2.08,2.28,2.48,2.68,2.87,3.06,3.26,3.45,3.64,3.83,4.02,4.23
Albies, Ozzie,645277,ATL,144,2B,25,L,0.00,0.53,0.83,1.08,1.31,1.53,1.73,1.93,2.12,2.30,2.48,2.66,2.83,3.01,3.18,3.35,3.52,3.70,3.89
Albies, Ozzie,645277,ATL,144,2B,25,R,0.00,0.54,0.86,1.11,1.34,1.56,1.76,1.96,2.15,2.33,2.51,2.69,2.87,3.04,3.22,3.39,3.57,3.75,3.93
Alcántara, Sergio,642727,AZ,109,3B,25,L,0.00,0.54,0.85,1.11,1.35,1.57,1.79,1.99,2.18,2.37,2.56,2.75,2.93,3.11,3.28,3.46,3.63,3.81,4.01
Alcántara, Sergio,642727,AZ,109,3B,25,R,0.00,0.56,0.89,1.17,1.41,1.64,1.85,2.06,2.25,2.45,2.63,2.82,3.00,3.17,3.35,3.52,3.70,3.88,4.07
Alfaro, Jorge,595751,SD,135,C,29,R,0.00,0.56,0.89,1.16,1.40,1.62,1.83,2.03,2.23,2.41,2.60,2.78,2.96,3.13,3.30,3.48,3.64,3.81,3.99
Allen, Greg,656185,PIT,134,LF,29,R,0.00,0.55,0.86,1.12,1.36,1.58,1.79,1.98,2.17,2.36,2.54,2.72,2.89,3.07,3.24,3.41,3.58,3.75,3.93
Allen, Nick,669397,OAK,133,SS,23,R,0.00,0.54,0.86,1.12,1.36,1.58,1.79,2.00,2.19,2.39,2.57,2.76,2.94,3.12,3.30,3.48,3.66,3.84,4.03
Almora Jr., Albert,546991,CIN,113,RF,28,R,0.00,0.56,0.89,1.16,1.41,1.63,1.85,2.05,2.25,2.44,2.63,2.81,3.00,3.17,3.35,3.53,3.70,3.88,4.06
Alonso, Pete,624413,NYM,121,1B,27,R,0.00,0.56,0.90,1.18,1.43,1.67,1.89,2.10,2.31,2.51,2.71,2.91,3.10,3.29,3.48,3.67,3.86,4.06,4.26
Altuve, Jose,514888,HOU,117,2B,32,R,0.00,0.55,0.86,1.11,1.34,1.55,1.75,1.94,2.12,2.30,2.47,2.64,2.81,2.98,3.15,3.31,3.48,3.64,3.81
Alvarez, Yordan,670541,HOU,117,DH,25,L,0.00,0.56,0.87,1.14,1.38,1.60,1.81,2.01,2.21,2.40,2.58,2.76,2.94,3.12,3.29,3.47,3.65,3.83,4.03
Anderson, Brian,605119,MIA,146,3B,29,R,0.00,0.56,0.88,1.15,1.40,1.62,1.83,2.04,2.23,2.43,2.61,2.80,2.98,3.16,3.34,3.52,3.70,3.88,4.08
Anderson, Tim,641313,CWS,145,SS,29,R,0.00,0.55,0.87,1.12,1.35,1.57,1.77,1.96,2.15,2.33,2.51,2.68,2.85,3.02,3.19,3.36,3.53,3.70,3.88
Andrus, Elvis,462101,CWS,145,SS,33,R,0.00,0.56,0.89,1.17,1.42,1.64,1.86,2.07,2.27,2.47,2.66,2.85,3.03,3.22,3.40,3.59,3.78,3.97,4.18
Andújar, Miguel,609280,PIT,134,LF,27,R,0.00,0.54,0.87,1.13,1.38,1.60,1.81,2.01,2.21,2.39,2.58,2.76,2.94,3.12,3.30,3.48,3.65,3.84,4.02
Aquino, Aristides,606157,CIN,113,RF,28,R,0.00,0.55,0.87,1.14,1.38,1.60,1.81,2.01,2.20,2.38,2.56,2.74,2.92,3.09,3.26,3.43,3.60,3.77,3.94
Aranda, Jonathan,666018,TB,139,2B,24,L,0.00,0.54,0.86,1.13,1.38,1.60,1.82,2.03,2.23,2.43,2.62,2.81,3.00,3.19,3.38,3.58,3.78,3.99,4.21
Arcia, Orlando,606115,ATL,144,2B,27,R,0.00,0.55,0.88,1.16,1.41,1.64,1.86,2.07,2.27,2.47,2.66,2.85,3.04,3.22,3.41,3.59,3.78,3.97,4.16
Arenado, Nolan,571448,STL,138,3B,31,R,0.00,0.57,0.92,1.21,1.47,1.72,1.95,2.17,2.38,2.58,2.78,2.98,3.17,3.36,3.55,3.74,3.93,4.13,4.34
Arias, Gabriel,672356,CLE,114,3B,22,R,0.00,0.58,0.91,1.18,1.42,1.64,1.86,2.06,2.26,2.45,2.64,2.83,3.01,3.19,3.37,3.54,3.72,3.89,4.07
Arozarena, Randy,668227,TB,139,LF,27,R,0.00,0.56,0.87,1.13,1.37,1.59,1.79,1.99,2.18,2.36,2.54,2.72,2.89,3.06,3.24,3.40,3.57,3.74,3.93
Arraez, Luis,650333,MIN,142,1B,25,L,0.00,0.54,0.85,1.11,1.34,1.56,1.77,1.98,2.17,2.36,2.55,2.73,2.91,3.09,3.27,3.45,3.64,3.84,4.04
Arroyo, Christian,624414,BOS,111,2B,27,R,0.00,0.55,0.87,1.14,1.38,1.61,1.82,2.02,2.22,2.40,2.59,2.77,2.95,3.13,3.30,3.48,3.65,3.83,4.01
Astudillo, Willians,553902,MIA,146,2B,30,R,0.00,0.56,0.92,1.21,1.47,1.70,1.93,2.14,2.35,2.55,2.75,2.94,3.13,3.33,3.51,3.70,3.90,4.09,4.29
Azocar, José,640492,SD,135,CF,26,R,0.00,0.57,0.89,1.15,1.39,1.60,1.81,2.00,2.19,2.37,2.55,2.72,2.89,3.06,3.23,3.39,3.56,3.72,3.90
Baddoo, Akil,668731,DET,116,LF,23,L,0.00,0.53,0.82,1.08,1.31,1.52,1.72,1.91,2.10,2.28,2.46,2.63,2.80,2.97,3.14,3.31,3.48,3.65,3.84
Bader, Harrison,664056,NYY,147,CF,28,R,0.00,0.55,0.86,1.12,1.35,1.56,1.77,1.96,2.15,2.33,2.51,2.68,2.86,3.03,3.20,3.36,3.53,3.69,3.86
Barnes, Austin,605131,LAD,119,C,32,R,0.00,0.56,0.89,1.17,1.42,1.66,1.88,2.09,2.29,2.49,2.68,2.87,3.06,3.25,3.43,3.61,3.80,3.98,4.18
Barnhart, Tucker,571466,DET,116,C,31,L,0.00,0.54,0.87,1.16,1.42,1.66,1.90,2.12,2.34,2.55,2.76,2.97,3.17,3.38,3.58,3.79,4.00,4.22,4.46
Barnhart, Tucker,571466,DET,116,C,31,R,0.00,0.57,0.94,1.23,1.50,1.75,1.99,2.22,2.44,2.65,2.87,3.08,3.28,3.49,3.70,3.90,4.11,4.33,4.56
Barrera, Luis,642456,OAK,133,RF,26,L,0.00,0.51,0.80,1.05,1.28,1.49,1.69,1.88,2.07,2.25,2.43,2.60,2.78,2.95,3.12,3.29,3.46,3.64,3.83
Barrero, Jose,676480,CIN,113,SS,24,R,0.00,0.57,0.89,1.15,1.39,1.62,1.83,2.03,2.23,2.41,2.60,2.78,2.96,3.14,3.31,3.49,3.67,3.84,4.02
Bart, Joey,663698,SF,137,C,25,R,0.00,0.57,0.90,1.17,1.42,1.65,1.87,2.07,2.28,2.47,2.66,2.85,3.03,3.21,3.39,3.57,3.75,3.92,4.11
Beer, Seth,666179,AZ,109,DH,25,L,0.00,0.54,0.87,1.14,1.39,1.63,1.85,2.07,2.28,2.49,2.70,2.89,3.09,3.29,3.49,3.69,3.89,4.11,4.35
Bell, Josh,605137,SD,135,1B,29,L,0.00,0.57,0.89,1.17,1.43,1.66,1.88,2.10,2.30,2.50,2.70,2.89,3.08,3.26,3.45,3.63,3.82,4.01,4.21
Bell, Josh,605137,SD,135,1B,29,R,0.00,0.56,0.89,1.18,1.43,1.67,1.89,2.10,2.31,2.51,2.71,2.90,3.09,3.28,3.46,3.65,3.83,4.03,4.23
Bellinger, Cody,641355,LAD,119,CF,26,L,0.00,0.55,0.85,1.11,1.34,1.55,1.76,1.95,2.14,2.32,2.50,2.68,2.85,3.02,3.19,3.36,3.53,3.72,3.93
Belt, Brandon,474832,SF,137,1B,34,L,0.00,0.54,0.86,1.14,1.40,1.64,1.87,2.09,2.30,2.51,2.71,2.92,3.12,3.31,3.51,3.71,3.91,4.12,4.36
Bemboom, Anthony,621532,BAL,110,C,32,L,0.00,0.56,0.88,1.14,1.39,1.61,1.82,2.03,2.22,2.42,2.60,2.79,2.97,3.15,3.33,3.50,3.68,3.86,4.06
Benintendi, Andrew,643217,NYY,147,LF,27,L,0.00,0.55,0.84,1.10,1.33,1.55,1.75,1.95,2.14,2.33,2.51,2.69,2.87,3.05,3.22,3.40,3.58,3.76,3.95
Benson, Will,666181,CLE,114,CF,24,L,0.00,0.54,0.84,1.10,1.33,1.54,1.74,1.94,2.12,2.30,2.48,2.66,2.83,3.00,3.17,3.33,3.50,3.67,3.85
Bernard, Wynton,592144,COL,115,CF,31,R,0.00,0.56,0.86,1.11,1.34,1.55,1.75,1.94,2.13,2.31,2.48,2.65,2.82,2.98,3.15,3.31,3.47,3.63,3.80
Berti, Jon,542932,MIA,146,2B,32,R,0.00,0.55,0.85,1.11,1.34,1.55,1.76,1.95,2.14,2.32,2.49,2.67,2.84,3.01,3.17,3.34,3.51,3.67,3.84
Bethancourt, Christian,542194,TB,139,C,30,R,0.00,0.57,0.89,1.16,1.40,1.63,1.84,2.04,2.23,2.42,2.60,2.78,2.96,3.13,3.31,3.48,3.65,3.82,3.99
Betts, Mookie,605141,LAD,119,RF,29,R,0.00,0.54,0.86,1.13,1.37,1.60,1.81,2.01,2.21,2.39,2.58,2.76,2.94,3.12,3.30,3.47,3.65,3.83,4.02
Bichette, Bo,666182,TOR,141,SS,24,R,0.00,0.56,0.88,1.15,1.39,1.61,1.82,2.02,2.22,2.41,2.60,2.78,2.96,3.14,3.32,3.50,3.68,3.86,4.06
Biggio, Cavan,624415,TOR,141,2B,27,L,0.00,0.56,0.87,1.13,1.36,1.58,1.78,1.98,2.17,2.35,2.53,2.71,2.89,3.06,3.23,3.40,3.57,3.75,3.94
Blackmon, Charlie,453568,COL,115,DH,35,L,0.00,0.54,0.84,1.11,1.34,1.56,1.77,1.97,2.16,2.34,2.53,2.71,2.89,3.06,3.23,3.41,3.58,3.76,3.95
Bleday, JJ,668709,MIA,146,CF,24,L,0.00,0.56,0.87,1.13,1.37,1.59,1.80,2.00,2.19,2.38,2.57,2.75,2.93,3.11,3.29,3.46,3.64,3.82,4.01
Bogaerts, Xander,593428,BOS,111,SS,29,R,0.00,0.56,0.88,1.15,1.39,1.61,1.82,2.02,2.22,2.40,2.59,2.77,2.94,3.12,3.29,3.47,3.64,3.81,4.00
Bohm, Alec,664761,PHI,143,3B,25,R,0.00,0.55,0.88,1.15,1.40,1.63,1.84,2.05,2.25,2.44,2.63,2.82,3.01,3.19,3.37,3.55,3.73,3.91,4.10
Bolt, Skye,621450,OAK,133,CF,28,L,0.00,0.55,0.86,1.12,1.36,1.57,1.78,1.98,2.17,2.36,2.54,2.72,2.90,3.07,3.25,3.42,3.60,3.78,3.98
Bote, David,623520,CHC,112,3B,29,R,0.00,0.56,0.87,1.14,1.38,1.61,1.82,2.03,2.22,2.42,2.61,2.80,2.98,3.16,3.34,3.53,3.71,3.89,4.08
Bradley Jr., Jackie,598265,TOR,141,RF,32,L,0.00,0.53,0.83,1.09,1.33,1.55,1.77,1.97,2.17,2.36,2.55,2.74,2.93,3.11,3.29,3.47,3.65,3.84,4.05
Brantley, Michael,488726,HOU,117,DH,35,L,0.00,0.53,0.84,1.10,1.34,1.56,1.77,1.98,2.17,2.37,2.56,2.75,2.94,3.13,3.32,3.51,3.71,3.92,4.15
Bregman, Alex,608324,HOU,117,3B,28,R,0.00,0.56,0.88,1.15,1.40,1.62,1.83,2.04,2.24,2.43,2.62,2.81,3.00,3.18,3.36,3.55,3.73,3.92,4.11
Brennan, Will,686823,CLE,114,LF,24,L,0.00,0.54,0.85,1.11,1.34,1.56,1.77,1.97,2.16,2.35,2.53,2.71,2.89,3.07,3.24,3.42,3.60,3.78,3.98
Bride, Jonah,681146,OAK,133,2B,26,R,0.00,0.56,0.89,1.16,1.41,1.64,1.86,2.07,2.27,2.47,2.66,2.85,3.04,3.22,3.40,3.59,3.77,3.95,4.15
Brosseau, Mike,670712,MIL,158,3B,28,R,0.00,0.53,0.85,1.12,1.35,1.58,1.79,1.99,2.19,2.38,2.57,2.75,2.94,3.12,3.29,3.47,3.64,3.82,4.01
Brown, Seth,664913,OAK,133,1B,29,L,0.00,0.54,0.84,1.11,1.34,1.56,1.77,1.97,2.17,2.35,2.54,2.72,2.90,3.08,3.25,3.42,3.60,3.78,3.97
Bruján, Vidal,660644,TB,139,2B,24,L,0.00,0.53,0.82,1.07,1.29,1.51,1.71,1.90,2.09,2.27,2.45,2.62,2.80,2.97,3.14,3.31,3.49,3.67,3.86
Bruján, Vidal,660644,TB,139,2B,24,R,0.00,0.56,0.87,1.13,1.36,1.58,1.78,1.98,2.17,2.35,2.53,2.71,2.88,3.06,3.22,3.39,3.56,3.74,3.92
Bryant, Kris,592178,COL,115,LF,30,R,0.00,0.55,0.89,1.16,1.41,1.64,1.86,2.07,2.27,2.46,2.65,2.84,3.02,3.20,3.38,3.56,3.74,3.92,4.11
Burdick, Peyton,680814,MIA,146,CF,25,R,0.00,0.54,0.86,1.13,1.37,1.60,1.81,2.01,2.21,2.40,2.58,2.77,2.95,3.13,3.30,3.48,3.66,3.83,4.01
Burger, Jake,669394,CWS,145,3B,26,R,0.00,0.55,0.89,1.17,1.42,1.65,1.86,2.07,2.27,2.46,2.64,2.83,3.01,3.18,3.36,3.53,3.71,3.89,4.07
Burleson, Alec,676475,STL,138,RF,23,L,0.00,0.54,0.87,1.15,1.40,1.63,1.85,2.07,2.27,2.47,2.67,2.86,3.05,3.23,3.42,3.60,3.79,3.99,4.18
Buxton, Byron,621439,MIN,142,CF,28,R,0.00,0.55,0.86,1.12,1.34,1.55,1.75,1.94,2.12,2.30,2.48,2.65,2.81,2.98,3.15,3.31,3.48,3.64,3.82
Báez, Javier,595879,DET,116,SS,29,R,0.00,0.57,0.89,1.16,1.41,1.63,1.85,2.05,2.25,2.43,2.62,2.80,2.98,3.16,3.33,3.51,3.68,3.86,4.05
Cabrera, Miguel,408234,DET,116,DH,39,R,0.00,0.58,0.95,1.25,1.52,1.78,2.02,2.24,2.47,2.68,2.89,3.10,3.31,3.52,3.72,3.93,4.14,4.36,4.58
Cabrera, Oswaldo,665828,NYY,147,RF,23,L,0.00,0.55,0.86,1.12,1.36,1.58,1.79,1.99,2.18,2.37,2.55,2.74,2.92,3.10,3.27,3.45,3.63,3.82,4.01
Cain, Lorenzo,456715,MIL,158,CF,36,R,0.00,0.57,0.89,1.16,1.40,1.63,1.84,2.03,2.23,2.41,2.60,2.77,2.95,3.12,3.30,3.47,3.64,3.81,3.99
Calhoun, Kole,594777,TEX,140,RF,34,L,0.00,0.55,0.86,1.13,1.38,1.61,1.83,2.04,2.24,2.44,2.64,2.83,3.02,3.21,3.40,3.59,3.78,3.97,4.18
Call, Alex,669743,WSH,120,LF,27,R,0.00,0.56,0.88,1.14,1.38,1.60,1.81,2.01,2.21,2.39,2.58,2.76,2.93,3.11,3.28,3.45,3.63,3.80,3.98
Camargo, Johan,622666,PHI,143,SS,28,L,0.00,0.55,0.87,1.14,1.39,1.62,1.84,2.05,2.26,2.46,2.66,2.85,3.05,3.25,3.45,3.66,3.87,4.11,4.37
Camargo, Johan,622666,PHI,143,SS,28,R,0.00,0.55,0.88,1.16,1.41,1.64,1.86,2.07,2.28,2.48,2.68,2.88,3.07,3.27,3.46,3.66,3.86,4.08,4.34
Cameron, Daz,663662,DET,116,RF,25,R,0.00,0.53,0.84,1.10,1.33,1.55,1.75,1.94,2.13,2.31,2.49,2.66,2.84,3.01,3.18,3.35,3.52,3.69,3.87
Campusano, Luis,669134,SD,135,C,23,R,0.00,0.56,0.90,1.18,1.43,1.67,1.89,2.10,2.30,2.50,2.70,2.89,3.07,3.26,3.44,3.62,3.80,3.98,4.17
Candelario, Jeimer,600869,DET,116,3B,28,L,0.00,0.54,0.86,1.13,1.37,1.60,1.81,2.02,2.22,2.42,2.61,2.79,2.98,3.16,3.34,3.52,3.70,3.89,4.10
Candelario, Jeimer,600869,DET,116,3B,28,R,0.00,0.57,0.91,1.19,1.43,1.66,1.88,2.09,2.29,2.48,2.67,2.86,3.04,3.22,3.40,3.58,3.75,3.93,4.11
Canha, Mark,592192,NYM,121,LF,33,R,0.00,0.56,0.89,1.16,1.40,1.63,1.84,2.05,2.25,2.44,2.63,2.82,3.00,3.18,3.36,3.55,3.72,3.90,4.09
Canó, Robinson,429664,ATL,144,2B,39,L,0.00,0.56,0.88,1.17,1.42,1.66,1.88,2.10,2.31,2.52,2.72,2.92,3.12,3.31,3.51,3.71,3.91,4.11,4.33
Capel, Conner,668843,OAK,133,RF,25,L,0.00,0.55,0.86,1.13,1.37,1.60,1.81,2.01,2.21,2.40,2.59,2.77,2.96,3.14,3.32,3.49,3.67,3.86,4.05
Caratini, Victor,605170,MIL,158,C,28,L,0.00,0.53,0.85,1.13,1.38,1.61,1.83,2.05,2.26,2.46,2.66,2.85,3.05,3.24,3.44,3.63,3.84,4.06,4.31
Caratini, Victor,605170,MIL,158,C,28,R,0.00,0.55,0.89,1.17,1.43,1.67,1.90,2.12,2.33,2.53,2.74,2.94,3.13,3.33,3.52,3.72,3.92,4.13,4.36
Carlson, Dylan,666185,STL,138,CF,23,L,0.00,0.56,0.87,1.13,1.37,1.59,1.80,2.00,2.19,2.38,2.56,2.74,2.92,3.10,3.27,3.45,3.62,3.81,4.01
Carlson, Dylan,666185,STL,138,CF,23,R,0.00,0.57,0.89,1.16,1.40,1.63,1.84,2.04,2.23,2.42,2.61,2.79,2.96,3.14,3.32,3.49,3.67,3.85,4.03
Carpenter, Kerry,681481,DET,116,DH,24,L,0.00,0.55,0.85,1.12,1.35,1.57,1.78,1.98,2.18,2.37,2.55,2.73,2.92,3.09,3.27,3.45,3.63,3.81,4.01
Carpenter, Matt,572761,NYY,147,DH,36,L,0.00,0.56,0.89,1.17,1.41,1.65,1.87,2.08,2.28,2.48,2.67,2.86,3.05,3.24,3.43,3.61,3.80,4.00,4.21
Carroll, Corbin,682998,AZ,109,LF,21,L,0.00,0.51,0.80,1.04,1.26,1.46,1.66,1.84,2.02,2.20,2.37,2.53,2.70,2.86,3.02,3.18,3.34,3.49,3.66
Casali, Curt,592200,SEA,136,C,33,R,0.00,0.56,0.91,1.21,1.47,1.72,1.95,2.18,2.40,2.61,2.82,3.03,3.23,3.43,3.63,3.83,4.03,4.23,4.44
Casas, Triston,671213,BOS,111,1B,22,L,0.00,0.54,0.87,1.14,1.39,1.63,1.85,2.06,2.27,2.48,2.67,2.87,3.06,3.26,3.45,3.64,3.84,4.03,4.24
Castellanos, Nick,592206,PHI,143,RF,30,R,0.00,0.56,0.89,1.16,1.41,1.63,1.85,2.05,2.25,2.45,2.63,2.82,3.00,3.18,3.36,3.54,3.71,3.89,4.07
Castillo, Diego,660636,PIT,134,SS,24,R,0.00,0.57,0.91,1.19,1.44,1.67,1.89,2.10,2.30,2.49,2.68,2.87,3.06,3.24,3.42,3.60,3.79,3.97,4.17
Castro, Harold,605612,DET,116,1B,28,L,0.00,0.54,0.86,1.12,1.36,1.58,1.79,2.00,2.20,2.39,2.58,2.77,2.95,3.14,3.32,3.51,3.70,3.90,4.12
Castro, Jason,488771,HOU,117,C,35,L,0.00,0.54,0.86,1.13,1.37,1.60,1.81,2.02,2.22,2.42,2.61,2.80,2.99,3.17,3.35,3.54,3.72,3.91,4.11
Castro, Rodolfo,666801,PIT,134,2B,23,L,0.00,0.54,0.85,1.11,1.35,1.58,1.79,1.99,2.18,2.38,2.56,2.74,2.93,3.10,3.28,3.46,3.63,3.81,4.00
Castro, Rodolfo,666801,PIT,134,2B,23,R,0.00,0.58,0.91,1.18,1.42,1.65,1.86,2.06,2.26,2.45,2.64,2.83,3.01,3.18,3.36,3.54,3.72,3.90,4.09
Castro, Willi,650489,DET,116,RF,25,R,0.00,0.55,0.88,1.15,1.39,1.61,1.82,2.02,2.21,2.40,2.58,2.76,2.94,3.12,3.29,3.46,3.63,3.80,3.98
Castro, Willi,650489,DET,116,RF,25,L,0.00,0.54,0.84,1.10,1.33,1.55,1.76,1.95,2.14,2.33,2.51,2.69,2.86,3.04,3.21,3.39,3.56,3.74,3.96
Cave, Jake,595909,MIN,142,LF,29,L,0.00,0.53,0.83,1.08,1.32,1.53,1.74,1.94,2.13,2.32,2.50,2.68,2.86,3.03,3.21,3.38,3.55,3.73,3.92
Celestino, Gilberto,665482,MIN,142,CF,23,R,0.00,0.55,0.87,1.13,1.37,1.59,1.79,1.99,2.19,2.38,2.56,2.74,2.92,3.10,3.27,3.45,3.62,3.80,3.98
Chang, Yu,644374,BOS,111,2B,26,R,0.00,0.55,0.87,1.13,1.37,1.60,1.80,2.01,2.20,2.39,2.57,2.75,2.93,3.11,3.28,3.45,3.63,3.80,3.98
Chapman, Matt,656305,TOR,141,3B,29,R,0.00,0.56,0.88,1.15,1.38,1.61,1.82,2.02,2.21,2.40,2.58,2.76,2.94,3.11,3.29,3.46,3.63,3.80,3.97
Chavis, Michael,656308,PIT,134,1B,26,R,0.00,0.55,0.87,1.13,1.36,1.58,1.79,1.99,2.18,2.37,2.55,2.73,2.90,3.08,3.25,3.42,3.59,3.76,3.93
Chirinos, Robinson,455139,BAL,110,C,38,R,0.00,0.60,0.94,1.23,1.50,1.75,1.99,2.21,2.44,2.65,2.87,3.08,3.29,3.49,3.70,3.91,4.12,4.35,4.59
Chisholm Jr., Jazz,665862,MIA,146,2B,24,L,0.00,0.53,0.83,1.08,1.31,1.53,1.73,1.92,2.11,2.29,2.47,2.64,2.81,2.98,3.15,3.32,3.48,3.65,3.84
Choi, Ji-Man,596847,TB,139,1B,31,L,0.00,0.55,0.87,1.15,1.40,1.64,1.86,2.07,2.28,2.48,2.68,2.88,3.07,3.26,3.45,3.64,3.84,4.04,4.25
Clemens, Kody,665019,DET,116,3B,26,L,0.00,0.55,0.85,1.12,1.35,1.58,1.79,1.99,2.18,2.37,2.56,2.74,2.92,3.10,3.27,3.45,3.63,3.81,4.01
Clement, Ernie,676391,OAK,133,3B,26,R,0.00,0.55,0.86,1.13,1.36,1.58,1.79,1.99,2.19,2.37,2.56,2.74,2.91,3.09,3.26,3.44,3.61,3.78,3.96
Contreras, Mark,676628,MIN,142,CF,27,L,0.00,0.53,0.83,1.08,1.31,1.52,1.72,1.91,2.10,2.28,2.46,2.64,2.82,2.99,3.16,3.33,3.51,3.69,3.87
Contreras, William,661388,ATL,144,C,24,R,0.00,0.56,0.89,1.16,1.41,1.63,1.85,2.05,2.25,2.45,2.64,2.82,3.00,3.18,3.36,3.54,3.72,3.90,4.09
Contreras, Willson,575929,CHC,112,C,30,R,0.00,0.55,0.87,1.13,1.37,1.60,1.81,2.01,2.21,2.40,2.58,2.77,2.95,3.13,3.30,3.48,3.66,3.83,4.02
Cooper, Garrett,643265,MIA,146,1B,31,R,0.00,0.57,0.90,1.18,1.42,1.65,1.87,2.08,2.28,2.48,2.67,2.85,3.04,3.22,3.40,3.58,3.77,3.95,4.14
Cordero, Franchy,614173,BOS,111,1B,27,L,0.00,0.55,0.85,1.11,1.34,1.56,1.76,1.96,2.15,2.33,2.51,2.68,2.86,3.03,3.20,3.37,3.53,3.71,3.89
Correa, Carlos,621043,MIN,142,SS,27,R,0.00,0.55,0.88,1.15,1.39,1.62,1.83,2.04,2.23,2.42,2.61,2.79,2.97,3.15,3.33,3.51,3.68,3.87,4.05
Crawford, Brandon,543063,SF,137,SS,35,L,0.00,0.54,0.86,1.14,1.38,1.61,1.83,2.04,2.25,2.45,2.65,2.84,3.03,3.22,3.41,3.60,3.79,3.99,4.20
Crawford, J.P.,641487,SEA,136,SS,27,L,0.00,0.55,0.86,1.12,1.36,1.59,1.80,2.00,2.20,2.39,2.57,2.76,2.94,3.12,3.30,3.48,3.66,3.85,4.05
Cron, C.J.,543068,COL,115,1B,32,R,0.00,0.57,0.92,1.21,1.47,1.71,1.94,2.15,2.36,2.57,2.77,2.97,3.16,3.36,3.55,3.74,3.94,4.14,4.35
Cronenworth, Jake,630105,SD,135,2B,28,L,0.00,0.55,0.85,1.11,1.34,1.55,1.76,1.96,2.15,2.33,2.51,2.69,2.87,3.04,3.21,3.38,3.56,3.73,3.92
Cruz, Nelson,443558,WSH,120,DH,41,R,0.00,0.57,0.91,1.19,1.44,1.68,1.90,2.12,2.33,2.53,2.73,2.92,3.12,3.31,3.50,3.69,3.88,4.07,4.27
Cruz, Oneil,665833,PIT,134,SS,23,L,0.00,0.54,0.85,1.10,1.33,1.54,1.75,1.94,2.12,2.30,2.47,2.64,2.81,2.97,3.13,3.29,3.45,3.62,3.79
Culberson, Charlie,518586,TEX,140,3B,33,R,0.00,0.55,0.86,1.13,1.37,1.60,1.81,2.01,2.21,2.40,2.58,2.77,2.95,3.13,3.31,3.49,3.66,3.84,4.02
Dalbec, Bobby,666915,BOS,111,1B,27,R,0.00,0.54,0.86,1.12,1.36,1.58,1.79,1.99,2.18,2.37,2.55,2.73,2.91,3.09,3.26,3.43,3.61,3.78,3.96
Davis, J.D.,605204,SF,137,DH,29,R,0.00,0.55,0.87,1.15,1.39,1.63,1.84,2.05,2.26,2.45,2.65,2.84,3.02,3.21,3.39,3.57,3.75,3.94,4.13
Davis, Jonathan,641505,MIL,158,CF,30,R,0.00,0.56,0.88,1.14,1.38,1.60,1.81,2.00,2.19,2.38,2.56,2.74,2.91,3.09,3.26,3.43,3.60,3.78,3.96
Daza, Yonathan,602074,COL,115,CF,28,R,0.00,0.56,0.89,1.16,1.40,1.62,1.84,2.04,2.23,2.42,2.61,2.79,2.97,3.15,3.32,3.50,3.67,3.84,4.02
De La Cruz, Bryan,650559,MIA,146,CF,25,R,0.00,0.56,0.89,1.15,1.40,1.62,1.83,2.03,2.23,2.42,2.60,2.78,2.96,3.14,3.32,3.49,3.67,3.84,4.03
DeJong, Paul,657557,STL,138,SS,28,R,0.00,0.56,0.88,1.15,1.39,1.61,1.82,2.03,2.22,2.41,2.60,2.78,2.96,3.14,3.32,3.49,3.67,3.85,4.03
Delay, Jason,641511,PIT,134,C,27,R,0.00,0.55,0.89,1.17,1.41,1.65,1.87,2.08,2.28,2.48,2.68,2.87,3.06,3.25,3.44,3.63,3.81,4.00,4.20
Demeritte, Travis,641513,ATL,144,RF,27,R,0.00,0.56,0.88,1.14,1.38,1.60,1.80,2.00,2.19,2.38,2.56,2.74,2.91,3.09,3.26,3.43,3.61,3.78,3.96
Devers, Rafael,646240,BOS,111,3B,25,L,0.00,0.56,0.88,1.15,1.40,1.63,1.85,2.05,2.26,2.45,2.65,2.83,3.02,3.21,3.40,3.58,3.78,3.98,4.19
Diaz, Jordan,672478,OAK,133,2B,21,R,0.00,0.58,0.92,1.21,1.46,1.70,1.92,2.13,2.33,2.53,2.73,2.92,3.11,3.30,3.49,3.67,3.86,4.06,4.26
Dickerson, Corey,572816,STL,138,LF,33,L,0.00,0.54,0.85,1.12,1.36,1.58,1.79,2.00,2.20,2.39,2.58,2.76,2.95,3.13,3.31,3.49,3.68,3.87,4.08
Donaldson, Josh,518626,NYY,147,3B,36,R,0.00,0.57,0.91,1.19,1.44,1.67,1.90,2.11,2.32,2.52,2.72,2.91,3.10,3.29,3.48,3.67,3.86,4.05,4.24
Donovan, Brendan,680977,STL,138,2B,25,L,0.00,0.54,0.85,1.12,1.36,1.58,1.80,2.00,2.20,2.39,2.58,2.76,2.94,3.12,3.30,3.48,3.66,3.85,4.05
Dozier, Hunter,641531,KC,118,1B,30,R,0.00,0.55,0.88,1.15,1.40,1.62,1.84,2.04,2.24,2.43,2.62,2.80,2.98,3.16,3.34,3.52,3.69,3.87,4.05
Drury, Brandon,592273,SD,135,3B,29,R,0.00,0.57,0.91,1.19,1.44,1.68,1.90,2.11,2.31,2.51,2.70,2.88,3.07,3.25,3.43,3.61,3.79,3.97,4.16
Dubón, Mauricio,643289,HOU,117,CF,27,R,0.00,0.56,0.87,1.13,1.36,1.58,1.79,1.98,2.18,2.36,2.54,2.72,2.90,3.07,3.25,3.42,3.59,3.77,3.96
Duffy, Matt,622110,LAA,108,3B,31,R,0.00,0.57,0.90,1.18,1.43,1.66,1.87,2.08,2.28,2.48,2.67,2.86,3.04,3.22,3.40,3.59,3.77,3.95,4.14
Duran, Ezequiel,677649,TEX,140,3B,23,R,0.00,0.57,0.88,1.14,1.38,1.60,1.81,2.00,2.19,2.38,2.56,2.73,2.91,3.08,3.25,3.42,3.59,3.75,3.93
Duran, Jarren,680776,BOS,111,CF,25,L,0.00,0.53,0.82,1.08,1.31,1.52,1.72,1.91,2.10,2.28,2.46,2.63,2.80,2.97,3.14,3.30,3.46,3.63,3.81
Duvall, Adam,594807,ATL,144,CF,33,R,0.00,0.56,0.88,1.14,1.38,1.60,1.81,2.01,2.20,2.39,2.57,2.75,2.93,3.10,3.28,3.45,3.62,3.80,3.97
Díaz, Aledmys,649557,HOU,117,LF,31,R,0.00,0.57,0.89,1.16,1.40,1.62,1.83,2.03,2.22,2.40,2.59,2.77,2.94,3.11,3.29,3.46,3.63,3.80,3.98
Díaz, Elias,553869,COL,115,C,31,R,0.00,0.58,0.92,1.21,1.46,1.70,1.92,2.13,2.34,2.54,2.74,2.93,3.12,3.31,3.50,3.68,3.87,4.06,4.25
Díaz, Lewin,650331,MIA,146,1B,25,L,0.00,0.53,0.86,1.14,1.40,1.64,1.86,2.08,2.29,2.50,2.70,2.90,3.10,3.29,3.49,3.68,3.88,4.09,4.32
Díaz, Yandy,650490,TB,139,3B,30,R,0.00,0.55,0.88,1.16,1.40,1.63,1.85,2.05,2.25,2.44,2.63,2.82,3.00,3.18,3.36,3.53,3.71,3.89,4.08
Eaton, Nate,681987,KC,118,3B,25,R,0.00,0.55,0.86,1.11,1.34,1.55,1.75,1.94,2.13,2.30,2.48,2.65,2.82,2.99,3.15,3.32,3.48,3.65,3.82
Edman, Tommy,669242,STL,138,SS,27,L,0.00,0.53,0.83,1.09,1.32,1.53,1.74,1.93,2.12,2.30,2.48,2.65,2.83,3.00,3.17,3.34,3.51,3.68,3.87
Edman, Tommy,669242,STL,138,SS,27,R,0.00,0.55,0.86,1.12,1.36,1.57,1.78,1.97,2.16,2.34,2.52,2.70,2.87,3.04,3.20,3.37,3.54,3.70,3.88
Encarnacion, Jerar,666464,MIA,146,LF,24,R,0.00,0.54,0.87,1.13,1.37,1.59,1.80,2.00,2.19,2.38,2.56,2.74,2.92,3.10,3.27,3.44,3.61,3.79,3.96
Engel, Adam,641553,CWS,145,CF,30,R,0.00,0.56,0.87,1.12,1.36,1.57,1.77,1.97,2.15,2.34,2.51,2.69,2.86,3.03,3.20,3.37,3.53,3.70,3.87
Escobar, Alcides,444876,WSH,120,SS,35,R,0.00,0.57,0.89,1.16,1.40,1.62,1.83,2.03,2.23,2.42,2.60,2.78,2.96,3.13,3.31,3.48,3.65,3.82,3.99
Escobar, Eduardo,500871,NYM,121,3B,33,L,0.00,0.54,0.84,1.11,1.34,1.56,1.77,1.97,2.17,2.35,2.54,2.72,2.90,3.07,3.25,3.43,3.60,3.78,3.97
Escobar, Eduardo,500871,NYM,121,3B,33,R,0.00,0.56,0.88,1.14,1.38,1.60,1.81,2.01,2.21,2.40,2.58,2.76,2.93,3.11,3.28,3.46,3.63,3.80,3.98
Espinal, Santiago,669289,TOR,141,2B,27,R,0.00,0.56,0.88,1.15,1.39,1.61,1.83,2.03,2.23,2.43,2.61,2.80,2.98,3.17,3.35,3.53,3.71,3.89,4.08
Estrada, Thairo,642731,SF,137,2B,26,R,0.00,0.57,0.88,1.14,1.38,1.60,1.80,2.00,2.20,2.38,2.56,2.74,2.92,3.10,3.27,3.44,3.61,3.78,3.96
Fairchild, Stuart,656413,CIN,113,LF,26,R,0.00,0.55,0.86,1.11,1.35,1.56,1.76,1.96,2.15,2.33,2.51,2.68,2.86,3.03,3.20,3.37,3.53,3.70,3.88
Farmer, Kyle,571657,CIN,113,SS,31,R,0.00,0.57,0.92,1.19,1.44,1.67,1.89,2.10,2.30,2.50,2.69,2.88,3.06,3.25,3.43,3.61,3.79,3.97,4.17
Fletcher, David,664058,LAA,108,2B,28,R,0.00,0.56,0.88,1.15,1.40,1.63,1.84,2.05,2.25,2.45,2.64,2.83,3.02,3.21,3.39,3.58,3.76,3.95,4.14
Flores, Wilmer,527038,SF,137,2B,30,R,0.00,0.57,0.92,1.21,1.47,1.71,1.93,2.16,2.37,2.57,2.78,2.98,3.17,3.37,3.56,3.76,3.95,4.15,4.36
Ford, Mike,645801,LAA,108,1B,29,L,0.00,0.58,0.92,1.21,1.47,1.71,1.94,2.16,2.37,2.57,2.77,2.97,3.17,3.36,3.56,3.75,3.95,4.15,4.37
Fortes, Nick,663743,MIA,146,C,25,R,0.00,0.55,0.87,1.14,1.38,1.60,1.82,2.02,2.22,2.41,2.59,2.77,2.95,3.13,3.31,3.49,3.66,3.84,4.02
Fraley, Jake,641584,CIN,113,LF,27,L,0.00,0.52,0.82,1.07,1.30,1.51,1.72,1.91,2.10,2.29,2.47,2.65,2.82,2.99,3.17,3.34,3.51,3.69,3.89
France, Ty,664034,SEA,136,1B,27,R,0.00,0.57,0.92,1.21,1.47,1.71,1.94,2.16,2.37,2.58,2.79,2.99,3.19,3.38,3.58,3.78,3.98,4.19,4.42
Franco, Maikel,596748,WSH,120,3B,29,R,0.00,0.56,0.90,1.19,1.44,1.68,1.91,2.12,2.33,2.53,2.73,2.93,3.12,3.31,3.50,3.69,3.88,4.08,4.29
Franco, Wander,677551,TB,139,SS,21,L,0.00,0.54,0.85,1.10,1.34,1.55,1.76,1.95,2.14,2.33,2.51,2.68,2.86,3.03,3.20,3.37,3.55,3.74,3.94
Franco, Wander,677551,TB,139,SS,21,R,0.00,0.55,0.87,1.14,1.38,1.60,1.80,2.00,2.20,2.38,2.57,2.75,2.92,3.10,3.28,3.45,3.64,3.82,4.02
Frazier, Adam,624428,SEA,136,2B,30,L,0.00,0.54,0.85,1.11,1.36,1.58,1.80,2.00,2.20,2.40,2.59,2.77,2.96,3.14,3.32,3.50,3.69,3.87,4.08
Freeman, Freddie,518692,LAD,119,1B,32,L,0.00,0.55,0.86,1.13,1.37,1.59,1.80,2.01,2.20,2.40,2.58,2.77,2.95,3.13,3.31,3.49,3.67,3.86,4.07
Freeman, Tyler,671289,CLE,114,3B,23,R,0.00,0.55,0.87,1.13,1.36,1.58,1.79,1.99,2.19,2.37,2.56,2.74,2.91,3.09,3.26,3.44,3.61,3.78,3.97
Friedl, TJ,670770,CIN,113,LF,26,L,0.00,0.53,0.82,1.07,1.30,1.51,1.71,1.91,2.10,2.28,2.46,2.64,2.81,2.99,3.16,3.33,3.50,3.67,3.86
Gallo, Joey,608336,LAD,119,LF,28,L,0.00,0.53,0.84,1.11,1.35,1.58,1.80,2.01,2.21,2.41,2.60,2.79,2.97,3.16,3.34,3.52,3.70,3.89,4.10
Gamel, Ben,592325,PIT,134,LF,30,L,0.00,0.55,0.85,1.11,1.35,1.56,1.77,1.97,2.16,2.34,2.52,2.70,2.88,3.05,3.22,3.39,3.57,3.75,3.95
Garcia, Aramis,605244,CIN,113,C,29,R,0.00,0.56,0.91,1.19,1.45,1.68,1.91,2.12,2.33,2.53,2.73,2.92,3.11,3.30,3.48,3.67,3.85,4.04,4.22
Garcia, Dermis,660650,OAK,133,1B,24,R,0.00,0.54,0.87,1.14,1.39,1.61,1.82,2.02,2.22,2.41,2.60,2.78,2.97,3.15,3.33,3.50,3.68,3.87,4.06
Garcia, Leury,544725,CWS,145,2B,31,L,0.00,0.55,0.84,1.09,1.32,1.54,1.74,1.93,2.12,2.31,2.49,2.66,2.84,3.01,3.18,3.35,3.53,3.71,3.91
Garcia, Leury,544725,CWS,145,2B,31,R,0.00,0.55,0.86,1.12,1.36,1.58,1.78,1.98,2.17,2.36,2.54,2.72,2.90,3.07,3.24,3.41,3.58,3.76,3.94
García, Adolis,666969,TEX,140,RF,29,R,0.00,0.55,0.87,1.12,1.36,1.58,1.78,1.98,2.17,2.35,2.53,2.71,2.88,3.05,3.22,3.39,3.56,3.73,3.90
García, Avisaíl,541645,MIA,146,RF,31,R,0.00,0.57,0.91,1.18,1.43,1.65,1.87,2.07,2.27,2.45,2.64,2.82,3.00,3.17,3.34,3.52,3.69,3.86,4.04
García, Luis,671277,WSH,120,SS,22,L,0.00,0.55,0.86,1.12,1.36,1.58,1.79,1.99,2.19,2.38,2.56,2.74,2.92,3.10,3.28,3.46,3.63,3.82,4.01
Garlick, Kyle,664247,MIN,142,LF,30,R,0.00,0.56,0.89,1.16,1.41,1.64,1.85,2.06,2.26,2.46,2.65,2.84,3.02,3.21,3.39,3.58,3.76,3.95,4.14
Garrett, Stone,656448,AZ,109,LF,26,R,0.00,0.55,0.86,1.12,1.36,1.58,1.78,1.98,2.17,2.35,2.53,2.71,2.89,3.06,3.23,3.40,3.57,3.75,3.92
Garver, Mitch,641598,TEX,140,DH,31,R,0.00,0.57,0.90,1.17,1.42,1.66,1.88,2.09,2.29,2.49,2.68,2.87,3.06,3.25,3.43,3.62,3.80,3.98,4.17
Giménez, Andrés,665926,CLE,114,2B,23,L,0.00,0.55,0.84,1.10,1.33,1.54,1.74,1.94,2.12,2.31,2.48,2.66,2.83,3.00,3.17,3.33,3.50,3.68,3.88
Goldschmidt, Paul,502671,STL,138,1B,34,R,0.00,0.56,0.89,1.16,1.41,1.64,1.85,2.06,2.26,2.46,2.65,2.84,3.02,3.21,3.39,3.57,3.75,3.94,4.13
Gomes, Yan,543228,CHC,112,C,34,R,0.00,0.57,0.91,1.20,1.45,1.69,1.91,2.13,2.33,2.53,2.73,2.92,3.11,3.30,3.49,3.67,3.86,4.05,4.25
Gonzalez, Marwin,503556,NYY,147,SS,33,L,0.00,0.55,0.86,1.13,1.37,1.59,1.81,2.01,2.21,2.41,2.60,2.78,2.97,3.15,3.33,3.51,3.70,3.90,4.11
Gonzalez, Marwin,503556,NYY,147,SS,33,R,0.00,0.55,0.88,1.16,1.41,1.64,1.86,2.07,2.27,2.46,2.65,2.84,3.02,3.21,3.39,3.57,3.76,3.95,4.14
Gonzalez, Oscar,660757,CLE,114,RF,24,R,0.00,0.58,0.91,1.19,1.43,1.65,1.87,2.07,2.27,2.45,2.64,2.82,3.00,3.17,3.34,3.52,3.68,3.85,4.03
Gonzalez, Romy,663853,CWS,145,2B,25,R,0.00,0.57,0.88,1.14,1.37,1.59,1.80,1.99,2.18,2.37,2.55,2.73,2.90,3.07,3.24,3.41,3.58,3.75,3.93
González, Luis,670768,SF,137,RF,26,L,0.00,0.53,0.83,1.09,1.32,1.53,1.74,1.94,2.13,2.31,2.49,2.68,2.85,3.03,3.20,3.37,3.55,3.72,3.92
Gordon, Nick,624503,MIN,142,LF,26,L,0.00,0.53,0.83,1.09,1.32,1.54,1.74,1.94,2.13,2.32,2.50,2.68,2.85,3.03,3.20,3.38,3.56,3.74,3.93
Gorman, Nolan,669357,STL,138,2B,22,L,0.00,0.57,0.89,1.16,1.40,1.62,1.84,2.04,2.24,2.43,2.62,2.80,2.98,3.16,3.34,3.52,3.70,3.88,4.08
Gosselin, Phil,594838,LAA,108,3B,33,R,0.00,0.55,0.87,1.13,1.37,1.59,1.80,1.99,2.18,2.37,2.55,2.72,2.90,3.07,3.24,3.41,3.58,3.74,3.92
Grandal, Yasmani,518735,CWS,145,C,33,L,0.00,0.56,0.91,1.21,1.48,1.74,1.99,2.22,2.46,2.68,2.91,3.13,3.35,3.57,3.79,4.01,4.25,4.50,4.78
Greene, Riley,682985,DET,116,CF,21,L,0.00,0.54,0.84,1.10,1.33,1.55,1.76,1.95,2.14,2.33,2.51,2.69,2.87,3.04,3.21,3.38,3.56,3.73,3.92
Gregorius, Didi,544369,PHI,143,SS,32,L,0.00,0.54,0.86,1.12,1.37,1.59,1.80,2.01,2.20,2.40,2.58,2.77,2.95,3.13,3.31,3.48,3.66,3.84,4.05
Grichuk, Randal,545341,COL,115,RF,30,R,0.00,0.57,0.88,1.15,1.38,1.61,1.82,2.02,2.21,2.40,2.58,2.77,2.95,3.12,3.30,3.47,3.65,3.83,4.02
Grisham, Trent,663757,SD,135,CF,25,L,0.00,0.53,0.83,1.08,1.31,1.52,1.72,1.91,2.10,2.28,2.45,2.62,2.80,2.96,3.13,3.30,3.47,3.64,3.82
Grissom, Vaughn,687093,ATL,144,2B,21,R,0.00,0.56,0.89,1.17,1.41,1.63,1.85,2.05,2.24,2.43,2.62,2.80,2.98,3.16,3.34,3.51,3.69,3.87,4.05
Groshans, Jordan,677954,MIA,146,3B,22,R,0.00,0.58,0.92,1.21,1.46,1.70,1.92,2.13,2.33,2.53,2.73,2.92,3.10,3.29,3.48,3.66,3.84,4.03,4.22
Grossman, Robbie,543257,ATL,144,LF,32,L,0.00,0.54,0.85,1.11,1.34,1.56,1.77,1.97,2.16,2.35,2.53,2.71,2.89,3.07,3.24,3.42,3.60,3.78,3.97
Grossman, Robbie,543257,ATL,144,LF,32,R,0.00,0.55,0.87,1.14,1.38,1.61,1.82,2.02,2.22,2.41,2.60,2.78,2.96,3.14,3.32,3.49,3.67,3.85,4.03
Guerrero Jr., Vladimir,665489,TOR,141,1B,23,R,0.00,0.56,0.90,1.17,1.42,1.65,1.86,2.07,2.27,2.46,2.65,2.84,3.02,3.20,3.38,3.56,3.73,3.91,4.09
Guillorme, Luis,641645,NYM,121,2B,27,L,0.00,0.56,0.89,1.17,1.42,1.66,1.88,2.09,2.30,2.50,2.70,2.89,3.08,3.27,3.46,3.64,3.83,4.02,4.23
Gurriel Jr., Lourdes,666971,TOR,141,LF,28,R,0.00,0.58,0.91,1.18,1.42,1.65,1.86,2.07,2.27,2.46,2.65,2.83,3.01,3.19,3.37,3.55,3.73,3.91,4.10
Gurriel, Yuli,493329,HOU,117,1B,38,R,0.00,0.56,0.90,1.18,1.42,1.65,1.86,2.07,2.26,2.46,2.65,2.83,3.01,3.19,3.38,3.56,3.74,3.92,4.11
Haase, Eric,606992,DET,116,C,29,R,0.00,0.56,0.87,1.14,1.38,1.60,1.81,2.02,2.21,2.40,2.59,2.77,2.95,3.13,3.30,3.48,3.66,3.83,4.01
Hager, Jake,606993,AZ,109,2B,29,R,0.00,0.55,0.88,1.15,1.40,1.63,1.85,2.06,2.26,2.46,2.65,2.84,3.02,3.20,3.39,3.57,3.75,3.93,4.11
Haggerty, Sam,664059,SEA,136,RF,28,L,0.00,0.55,0.85,1.11,1.34,1.55,1.75,1.95,2.14,2.32,2.50,2.68,2.85,3.02,3.19,3.36,3.54,3.72,3.92
Haggerty, Sam,664059,SEA,136,RF,28,R,0.00,0.54,0.86,1.12,1.36,1.58,1.78,1.98,2.17,2.35,2.54,2.71,2.89,3.06,3.23,3.40,3.57,3.74,3.92
Hall, Darick,669742,PHI,143,DH,26,L,0.00,0.55,0.89,1.16,1.41,1.65,1.87,2.08,2.29,2.48,2.68,2.87,3.06,3.24,3.43,3.62,3.80,3.99,4.20
Hampson, Garrett,641658,COL,115,CF,27,R,0.00,0.56,0.87,1.13,1.36,1.58,1.78,1.97,2.16,2.34,2.52,2.69,2.86,3.03,3.19,3.36,3.52,3.68,3.85
Haniger, Mitch,571745,SEA,136,RF,31,R,0.00,0.55,0.88,1.16,1.41,1.64,1.86,2.06,2.26,2.46,2.65,2.84,3.03,3.21,3.39,3.57,3.76,3.94,4.13
Happ, Ian,664023,CHC,112,LF,27,R,0.00,0.56,0.89,1.16,1.41,1.63,1.84,2.04,2.24,2.43,2.61,2.80,2.97,3.15,3.32,3.50,3.67,3.84,4.01
Happ, Ian,664023,CHC,112,LF,27,L,0.00,0.54,0.85,1.11,1.35,1.57,1.78,1.98,2.18,2.37,2.55,2.73,2.91,3.09,3.26,3.44,3.62,3.80,3.99
Harper, Bryce,547180,PHI,143,DH,29,L,0.00,0.55,0.86,1.12,1.36,1.58,1.79,1.99,2.18,2.38,2.56,2.74,2.92,3.10,3.28,3.45,3.63,3.82,4.04
Harris II, Michael,671739,ATL,144,CF,21,L,0.00,0.54,0.83,1.08,1.31,1.52,1.71,1.90,2.09,2.27,2.44,2.61,2.78,2.95,3.11,3.28,3.44,3.61,3.80
Harrison, Josh,543281,CWS,145,2B,34,R,0.00,0.56,0.88,1.14,1.38,1.61,1.82,2.02,2.22,2.41,2.59,2.78,2.96,3.14,3.32,3.49,3.67,3.86,4.05
Hayes, Ke'Bryan,663647,PIT,134,3B,25,R,0.00,0.55,0.87,1.14,1.37,1.59,1.80,2.00,2.19,2.37,2.55,2.73,2.91,3.08,3.26,3.43,3.60,3.78,3.97
Hays, Austin,669720,BAL,110,LF,26,R,0.00,0.55,0.87,1.14,1.38,1.60,1.81,2.01,2.20,2.39,2.58,2.76,2.94,3.12,3.30,3.48,3.65,3.83,4.02
Hedges, Austin,595978,CLE,114,C,29,R,0.00,0.58,0.93,1.22,1.48,1.72,1.95,2.18,2.39,2.60,2.81,3.01,3.21,3.41,3.61,3.80,4.00,4.20,4.40
Heim, Jonah,641680,TEX,140,C,27,R,0.00,0.56,0.89,1.17,1.43,1.66,1.88,2.09,2.30,2.50,2.69,2.88,3.07,3.26,3.44,3.63,3.81,3.99,4.19
Heim, Jonah,641680,TEX,140,C,27,L,0.00,0.55,0.88,1.16,1.41,1.65,1.87,2.08,2.29,2.49,2.68,2.88,3.07,3.25,3.44,3.63,3.82,4.01,4.23
Heineman, Tyler,623168,PIT,134,C,31,L,0.00,0.54,0.85,1.12,1.36,1.59,1.81,2.01,2.21,2.41,2.60,2.79,2.97,3.16,3.34,3.52,3.70,3.88,4.09
Henderson, Gunnar,683002,BAL,110,3B,21,L,0.00,0.54,0.85,1.10,1.34,1.55,1.76,1.95,2.14,2.33,2.50,2.68,2.85,3.02,3.19,3.36,3.52,3.70,3.89
Henry, Payton,668721,MIA,146,C,25,R,0.00,0.57,0.91,1.19,1.44,1.67,1.90,2.11,2.32,2.52,2.71,2.91,3.10,3.29,3.47,3.66,3.85,4.04,4.23
Hensley, David,682073,HOU,117,DH,26,R,0.00,0.53,0.85,1.11,1.35,1.57,1.78,1.98,2.17,2.36,2.54,2.72,2.90,3.08,3.25,3.42,3.59,3.77,3.94
Heredia, Guillermo,628338,ATL,144,RF,31,R,0.00,0.57,0.90,1.17,1.41,1.64,1.85,2.05,2.25,2.44,2.62,2.81,2.99,3.17,3.34,3.52,3.69,3.87,4.05
Hernandez, Yadiel,628450,WSH,120,LF,34,L,0.00,0.53,0.84,1.11,1.35,1.58,1.79,2.00,2.20,2.40,2.59,2.78,2.97,3.16,3.35,3.54,3.73,3.93,4.14
Hernández, César,514917,WSH,120,2B,32,L,0.00,0.54,0.84,1.09,1.32,1.54,1.74,1.93,2.12,2.30,2.48,2.65,2.82,2.99,3.16,3.33,3.49,3.67,3.85
Hernández, César,514917,WSH,120,2B,32,R,0.00,0.57,0.90,1.17,1.41,1.63,1.83,2.03,2.22,2.40,2.58,2.76,2.93,3.10,3.27,3.44,3.61,3.78,3.95
Hernández, Enrique,571771,BOS,111,CF,30,R,0.00,0.57,0.90,1.18,1.43,1.66,1.88,2.09,2.29,2.49,2.68,2.87,3.06,3.24,3.43,3.61,3.79,3.97,4.17
Hernández, Teoscar,606192,TOR,141,RF,29,R,0.00,0.58,0.90,1.16,1.40,1.62,1.83,2.03,2.22,2.40,2.58,2.76,2.94,3.11,3.28,3.45,3.62,3.79,3.96
Herrera, Jose,645444,AZ,109,C,25,L,0.00,0.55,0.87,1.14,1.40,1.63,1.85,2.06,2.27,2.47,2.67,2.87,3.06,3.26,3.45,3.64,3.83,4.03,4.25
Herrera, Odúbel,546318,PHI,143,CF,30,L,0.00,0.52,0.82,1.08,1.32,1.54,1.74,1.94,2.14,2.32,2.51,2.69,2.86,3.04,3.22,3.39,3.57,3.75,3.96
Heyward, Jason,518792,CHC,112,CF,32,L,0.00,0.54,0.86,1.12,1.36,1.59,1.80,2.00,2.19,2.39,2.57,2.76,2.94,3.12,3.30,3.48,3.65,3.84,4.04
Hicks, Aaron,543305,NYY,147,CF,32,R,0.00,0.56,0.88,1.15,1.39,1.61,1.82,2.02,2.21,2.40,2.59,2.77,2.94,3.12,3.29,3.47,3.64,3.81,3.99
Hicks, Aaron,543305,NYY,147,CF,32,L,0.00,0.53,0.84,1.10,1.34,1.56,1.77,1.97,2.16,2.34,2.53,2.70,2.88,3.06,3.23,3.40,3.57,3.75,3.94
Higashioka, Kyle,543309,NYY,147,C,32,R,0.00,0.57,0.90,1.17,1.42,1.65,1.87,2.09,2.29,2.49,2.69,2.89,3.08,3.27,3.46,3.65,3.84,4.03,4.23
Higgins, P.J.,664731,CHC,112,C,29,R,0.00,0.56,0.90,1.17,1.42,1.66,1.88,2.09,2.29,2.49,2.69,2.88,3.07,3.26,3.44,3.63,3.81,4.00,4.19
Hill, Derek,656537,DET,116,CF,26,R,0.00,0.55,0.86,1.11,1.34,1.55,1.75,1.95,2.13,2.31,2.48,2.65,2.82,2.99,3.15,3.32,3.48,3.65,3.83
Hilliard, Sam,656541,COL,115,LF,28,L,0.00,0.55,0.85,1.11,1.34,1.55,1.75,1.95,2.13,2.31,2.49,2.67,2.84,3.01,3.18,3.35,3.52,3.69,3.87
Hiura, Keston,669374,MIL,158,1B,25,R,0.00,0.54,0.85,1.12,1.36,1.58,1.79,2.00,2.20,2.39,2.58,2.76,2.95,3.13,3.31,3.49,3.67,3.85,4.04
Hoerner, Nico,663538,CHC,112,SS,25,R,0.00,0.55,0.86,1.12,1.36,1.58,1.78,1.98,2.17,2.35,2.53,2.71,2.88,3.05,3.22,3.39,3.56,3.73,3.90
Hoskins, Rhys,656555,PHI,143,1B,29,R,0.00,0.58,0.92,1.20,1.46,1.70,1.92,2.14,2.35,2.55,2.75,2.94,3.14,3.33,3.52,3.71,3.90,4.09,4.29
Hosmer, Eric,543333,BOS,111,1B,32,L,0.00,0.56,0.89,1.18,1.43,1.66,1.89,2.10,2.31,2.51,2.71,2.90,3.09,3.28,3.47,3.66,3.86,4.07,4.30
Huff, Sam,669087,TEX,140,C,24,R,0.00,0.56,0.89,1.16,1.40,1.63,1.84,2.05,2.25,2.44,2.63,2.82,3.01,3.19,3.37,3.55,3.73,3.91,4.10
Hummel, Cooper,669450,AZ,109,LF,27,L,0.00,0.52,0.81,1.06,1.29,1.51,1.71,1.91,2.10,2.28,2.46,2.64,2.82,2.99,3.16,3.34,3.50,3.67,3.86
Hummel, Cooper,669450,AZ,109,LF,27,R,0.00,0.57,0.88,1.14,1.38,1.60,1.80,2.00,2.19,2.38,2.56,2.74,2.92,3.09,3.26,3.44,3.61,3.77,3.95
Ibáñez, Andy,628451,TEX,140,3B,29,R,0.00,0.56,0.88,1.15,1.39,1.61,1.83,2.03,2.22,2.42,2.60,2.79,2.97,3.15,3.33,3.51,3.69,3.87,4.06
Iglesias, José,578428,COL,115,SS,32,R,0.00,0.56,0.88,1.15,1.38,1.61,1.81,2.01,2.20,2.39,2.57,2.75,2.92,3.10,3.27,3.44,3.60,3.77,3.95
India, Jonathan,663697,CIN,113,2B,25,R,0.00,0.58,0.92,1.19,1.44,1.67,1.88,2.08,2.28,2.47,2.66,2.84,3.02,3.20,3.37,3.55,3.72,3.90,4.08
Isbel, Kyle,664728,KC,118,RF,25,L,0.00,0.53,0.82,1.07,1.30,1.51,1.72,1.91,2.10,2.29,2.47,2.64,2.82,2.99,3.17,3.34,3.52,3.70,3.91
Jankowski, Travis,608671,SEA,136,RF,31,L,0.00,0.52,0.82,1.06,1.29,1.50,1.69,1.88,2.06,2.24,2.42,2.59,2.76,2.93,3.10,3.26,3.43,3.60,3.78
Jansen, Danny,643376,TOR,141,C,27,R,0.00,0.57,0.89,1.17,1.41,1.64,1.86,2.06,2.26,2.46,2.64,2.83,3.01,3.20,3.38,3.56,3.73,3.92,4.11
Jeffers, Ryan,680777,MIN,142,C,25,R,0.00,0.56,0.89,1.16,1.41,1.64,1.86,2.07,2.27,2.47,2.66,2.85,3.04,3.23,3.41,3.60,3.78,3.96,4.15
Jiménez, Eloy,650391,CWS,145,DH,25,R,0.00,0.57,0.91,1.19,1.44,1.67,1.89,2.10,2.30,2.50,2.69,2.88,3.06,3.25,3.43,3.61,3.79,3.98,4.17
Joe, Connor,656582,COL,115,LF,29,R,0.00,0.57,0.90,1.17,1.42,1.64,1.86,2.06,2.26,2.45,2.64,2.83,3.01,3.20,3.38,3.56,3.74,3.93,4.12
Jones, Nolan,666134,CLE,114,RF,24,L,0.00,0.53,0.84,1.11,1.35,1.58,1.79,1.99,2.19,2.38,2.56,2.74,2.92,3.10,3.28,3.45,3.63,3.81,4.01
Judge, Aaron,592450,NYY,147,CF,30,R,0.00,0.57,0.90,1.17,1.41,1.63,1.85,2.05,2.25,2.44,2.62,2.81,2.99,3.17,3.35,3.52,3.70,3.88,4.07
Jung, Josh,673962,TEX,140,3B,24,R,0.00,0.56,0.90,1.17,1.42,1.65,1.87,2.08,2.29,2.48,2.68,2.87,3.06,3.24,3.42,3.61,3.79,3.97,4.16
Kelenic, Jarred,672284,SEA,136,CF,22,L,0.00,0.54,0.84,1.09,1.32,1.54,1.75,1.94,2.13,2.32,2.50,2.68,2.86,3.03,3.20,3.37,3.55,3.73,3.94
Kelly, Carson,608348,AZ,109,C,27,R,0.00,0.58,0.93,1.21,1.47,1.71,1.94,2.15,2.36,2.56,2.76,2.96,3.15,3.34,3.53,3.72,3.91,4.11,4.32
Kemp, Tony,643393,OAK,133,2B,30,L,0.00,0.53,0.83,1.09,1.33,1.55,1.76,1.97,2.16,2.36,2.55,2.74,2.93,3.11,3.30,3.49,3.69,3.90,4.12
Kennedy, Buddy,671083,AZ,109,2B,23,R,0.00,0.57,0.87,1.13,1.36,1.58,1.78,1.98,2.17,2.35,2.53,2.70,2.88,3.05,3.21,3.38,3.54,3.71,3.87
Kepler, Max,596146,MIN,142,RF,29,L,0.00,0.55,0.84,1.10,1.33,1.54,1.75,1.94,2.13,2.31,2.49,2.67,2.84,3.02,3.19,3.36,3.54,3.72,3.91
Kiermaier, Kevin,595281,TB,139,CF,32,L,0.00,0.54,0.84,1.10,1.33,1.54,1.75,1.94,2.13,2.31,2.49,2.66,2.84,3.01,3.18,3.34,3.51,3.69,3.88
Kim, Ha-Seong,673490,SD,135,SS,26,R,0.00,0.55,0.88,1.15,1.38,1.61,1.82,2.02,2.21,2.40,2.59,2.77,2.95,3.12,3.30,3.47,3.64,3.82,3.99
Kiner-Falefa, Isiah,643396,NYY,147,SS,27,R,0.00,0.55,0.87,1.13,1.37,1.59,1.80,2.00,2.19,2.38,2.57,2.74,2.92,3.10,3.27,3.44,3.61,3.79,3.97
Kirilloff, Alex,666135,MIN,142,LF,24,L,0.00,0.56,0.88,1.15,1.39,1.61,1.82,2.03,2.22,2.41,2.60,2.78,2.96,3.14,3.31,3.49,3.67,3.85,4.03
Kirk, Alejandro,672386,TOR,141,C,23,R,0.00,0.58,0.93,1.22,1.48,1.73,1.96,2.18,2.40,2.61,2.81,3.02,3.22,3.42,3.62,3.81,4.02,4.23,4.44
Knizner, Andrew,668800,STL,138,C,27,R,0.00,0.57,0.90,1.18,1.43,1.67,1.89,2.11,2.31,2.51,2.71,2.91,3.10,3.29,3.47,3.66,3.85,4.04,4.24
Kreidler, Ryan,668952,DET,116,3B,24,R,0.00,0.56,0.88,1.15,1.39,1.61,1.82,2.02,2.22,2.41,2.59,2.77,2.95,3.13,3.30,3.48,3.65,3.83,4.00
Kwan, Steven,680757,CLE,114,LF,24,L,0.00,0.53,0.83,1.08,1.30,1.52,1.72,1.91,2.10,2.28,2.46,2.63,2.81,2.98,3.15,3.32,3.49,3.67,3.86
La Stella, Tommy,600303,SF,137,DH,33,L,0.00,0.56,0.87,1.15,1.40,1.63,1.85,2.07,2.28,2.48,2.69,2.89,3.08,3.28,3.48,3.68,3.88,4.10,4.34
Lagares, Juan,501571,LAA,108,RF,33,R,0.00,0.58,0.91,1.18,1.42,1.65,1.86,2.07,2.26,2.46,2.64,2.83,3.01,3.19,3.37,3.55,3.73,3.91,4.10
Langeliers, Shea,669127,OAK,133,DH,24,R,0.00,0.54,0.86,1.13,1.37,1.60,1.81,2.01,2.20,2.39,2.58,2.76,2.94,3.11,3.28,3.46,3.63,3.80,3.97
Larnach, Trevor,663616,MIN,142,LF,25,L,0.00,0.54,0.85,1.11,1.35,1.57,1.78,1.99,2.18,2.37,2.56,2.74,2.92,3.11,3.29,3.46,3.64,3.82,4.02
Laureano, Ramón,657656,OAK,133,RF,27,R,0.00,0.54,0.86,1.13,1.37,1.59,1.81,2.01,2.21,2.40,2.58,2.77,2.95,3.13,3.31,3.48,3.66,3.84,4.02
LeMahieu, DJ,518934,NYY,147,3B,33,R,0.00,0.56,0.88,1.15,1.40,1.63,1.84,2.05,2.25,2.45,2.64,2.83,3.01,3.20,3.38,3.57,3.75,3.94,4.13
Leblanc, Charles,641779,MIA,146,2B,26,R,0.00,0.57,0.90,1.17,1.41,1.64,1.85,2.05,2.25,2.44,2.62,2.80,2.98,3.16,3.34,3.51,3.69,3.86,4.04
Lewis, Kyle,641786,SEA,136,DH,26,R,0.00,0.57,0.90,1.18,1.44,1.67,1.90,2.12,2.33,2.54,2.74,2.95,3.15,3.35,3.55,3.76,3.96,4.18,4.40
Lindor, Francisco,596019,NYM,121,SS,28,R,0.00,0.56,0.88,1.15,1.39,1.61,1.82,2.03,2.22,2.41,2.59,2.77,2.95,3.13,3.31,3.48,3.66,3.84,4.03
Lindor, Francisco,596019,NYM,121,SS,28,L,0.00,0.55,0.86,1.12,1.36,1.58,1.79,1.99,2.19,2.38,2.56,2.75,2.93,3.10,3.29,3.46,3.65,3.84,4.04
Locastro, Tim,641796,NYY,147,RF,29,R,0.00,0.55,0.86,1.11,1.34,1.55,1.75,1.94,2.12,2.30,2.48,2.64,2.81,2.98,3.14,3.31,3.47,3.63,3.80
Longoria, Evan,446334,SF,137,3B,36,R,0.00,0.58,0.91,1.19,1.45,1.68,1.90,2.11,2.32,2.52,2.71,2.90,3.09,3.28,3.47,3.65,3.84,4.03,4.23
Lopez, Alejo,664670,CIN,113,2B,26,L,0.00,0.53,0.83,1.09,1.33,1.55,1.76,1.96,2.16,2.35,2.53,2.71,2.89,3.07,3.25,3.43,3.61,3.80,4.00
Lopez, Nicky,670032,KC,118,2B,27,L,0.00,0.54,0.84,1.10,1.34,1.56,1.77,1.97,2.16,2.35,2.53,2.71,2.89,3.06,3.24,3.41,3.58,3.77,3.97
Lowe, Brandon,664040,TB,139,2B,27,L,0.00,0.54,0.83,1.09,1.32,1.54,1.74,1.94,2.13,2.31,2.49,2.67,2.85,3.03,3.20,3.38,3.56,3.75,3.95
Lowe, Josh,666139,TB,139,RF,24,L,0.00,0.54,0.83,1.09,1.31,1.53,1.73,1.92,2.11,2.28,2.46,2.63,2.80,2.97,3.14,3.31,3.48,3.65,3.82
Lowe, Nathaniel,663993,TEX,140,1B,26,L,0.00,0.54,0.86,1.12,1.36,1.58,1.79,2.00,2.19,2.38,2.57,2.75,2.93,3.11,3.29,3.47,3.65,3.83,4.01
Lowrie, Jed,476704,OAK,133,DH,38,L,0.00,0.56,0.88,1.15,1.40,1.63,1.85,2.06,2.27,2.48,2.68,2.88,3.08,3.28,3.49,3.70,3.93,4.17,4.43
Luplow, Jordan,656669,AZ,109,RF,28,R,0.00,0.57,0.90,1.17,1.42,1.64,1.86,2.06,2.26,2.45,2.64,2.82,3.00,3.17,3.35,3.52,3.70,3.87,4.06
Lux, Gavin,666158,LAD,119,2B,24,L,0.00,0.54,0.85,1.10,1.33,1.55,1.75,1.94,2.13,2.31,2.49,2.67,2.84,3.01,3.18,3.35,3.52,3.69,3.87
Machado, Manny,592518,SD,135,3B,29,R,0.00,0.57,0.91,1.18,1.44,1.67,1.89,2.10,2.30,2.49,2.69,2.87,3.06,3.24,3.42,3.60,3.79,3.97,4.17
Machín, Vimael,605353,OAK,133,3B,28,L,0.00,0.56,0.90,1.18,1.44,1.67,1.90,2.11,2.32,2.53,2.73,2.92,3.12,3.31,3.50,3.69,3.88,4.09,4.32
Madrigal, Nick,663611,CHC,112,2B,25,R,0.00,0.55,0.87,1.14,1.38,1.60,1.81,2.02,2.21,2.40,2.59,2.77,2.95,3.13,3.30,3.48,3.66,3.84,4.03
Madris, Bligh,676632,PIT,134,RF,26,L,0.00,0.55,0.86,1.13,1.36,1.59,1.80,2.00,2.19,2.38,2.57,2.75,2.93,3.11,3.29,3.46,3.64,3.81,4.01
Maile, Luke,571912,CLE,114,C,31,R,0.00,0.56,0.89,1.17,1.42,1.65,1.87,2.08,2.28,2.48,2.68,2.87,3.06,3.25,3.43,3.62,3.81,4.00,4.20
Maldonado, Martín,455117,HOU,117,C,35,R,0.00,0.56,0.92,1.21,1.48,1.73,1.96,2.19,2.40,2.61,2.82,3.03,3.23,3.43,3.63,3.83,4.03,4.23,4.48
Mancini, Trey,641820,HOU,117,DH,30,R,0.00,0.57,0.92,1.21,1.47,1.71,1.93,2.15,2.36,2.57,2.77,2.97,3.16,3.35,3.55,3.74,3.93,4.13,4.33
Marcano, Tucupita,672779,PIT,134,LF,22,L,0.00,0.54,0.84,1.10,1.33,1.55,1.75,1.95,2.14,2.32,2.50,2.68,2.86,3.03,3.20,3.37,3.55,3.73,3.93
Margot, Manuel,622534,TB,139,RF,27,R,0.00,0.55,0.87,1.14,1.37,1.59,1.80,1.99,2.18,2.37,2.55,2.72,2.90,3.07,3.24,3.41,3.58,3.76,3.94
Marsh, Brandon,669016,PHI,143,LF,24,L,0.00,0.54,0.83,1.09,1.32,1.53,1.73,1.93,2.11,2.30,2.47,2.65,2.82,2.99,3.16,3.33,3.49,3.66,3.84
Marte, Ketel,606466,AZ,109,2B,28,L,0.00,0.54,0.84,1.10,1.34,1.56,1.76,1.96,2.16,2.34,2.53,2.71,2.89,3.07,3.25,3.43,3.61,3.80,4.01
Marte, Ketel,606466,AZ,109,2B,28,R,0.00,0.58,0.91,1.18,1.43,1.65,1.87,2.07,2.27,2.46,2.65,2.83,3.02,3.20,3.39,3.58,3.77,3.98,4.21
Marte, Starling,516782,NYM,121,RF,33,R,0.00,0.55,0.86,1.13,1.36,1.58,1.79,1.99,2.17,2.36,2.54,2.72,2.89,3.06,3.24,3.41,3.58,3.75,3.93
Martinez, J.D.,502110,BOS,111,DH,34,R,0.00,0.56,0.89,1.17,1.41,1.64,1.86,2.07,2.27,2.47,2.67,2.86,3.04,3.23,3.41,3.60,3.78,3.97,4.15
Massey, Michael,686681,KC,118,2B,24,L,0.00,0.53,0.83,1.09,1.33,1.55,1.76,1.96,2.15,2.34,2.53,2.71,2.89,3.07,3.24,3.42,3.60,3.79,3.99
Mateo, Jorge,622761,BAL,110,SS,27,R,0.00,0.56,0.87,1.12,1.35,1.57,1.77,1.96,2.14,2.32,2.50,2.67,2.83,3.00,3.16,3.32,3.49,3.65,3.82
Mathias, Mark,664029,TEX,140,DH,27,R,0.00,0.56,0.88,1.15,1.39,1.61,1.82,2.02,2.22,2.41,2.59,2.78,2.96,3.14,3.31,3.49,3.67,3.84,4.03
Matijevic, J.J.,656695,HOU,117,DH,26,L,0.00,0.54,0.84,1.10,1.34,1.56,1.77,1.97,2.17,2.36,2.55,2.74,2.92,3.10,3.28,3.46,3.65,3.83,4.02
Mayfield, Jack,608686,LAA,108,3B,31,R,0.00,0.56,0.88,1.15,1.39,1.62,1.83,2.04,2.24,2.44,2.63,2.82,3.00,3.19,3.37,3.55,3.73,3.92,4.10
Mazara, Nomar,608577,SD,135,RF,27,L,0.00,0.55,0.87,1.14,1.39,1.62,1.83,2.04,2.24,2.44,2.63,2.82,3.01,3.19,3.38,3.56,3.76,3.96,4.18
Mazeika, Patrick,664850,NYM,121,C,28,L,0.00,0.55,0.89,1.18,1.44,1.68,1.91,2.13,2.34,2.55,2.75,2.95,3.15,3.35,3.55,3.75,3.95,4.16,4.39
McCann, James,543510,NYM,121,C,32,R,0.00,0.55,0.90,1.18,1.43,1.67,1.89,2.11,2.31,2.51,2.71,2.90,3.09,3.27,3.46,3.64,3.83,4.02,4.23
McCarthy, Jake,664983,AZ,109,RF,24,L,0.00,0.54,0.84,1.09,1.32,1.53,1.73,1.92,2.11,2.28,2.46,2.63,2.79,2.96,3.12,3.28,3.45,3.62,3.79
McCormick, Chas,676801,HOU,117,CF,27,R,0.00,0.56,0.87,1.13,1.37,1.59,1.79,1.99,2.18,2.36,2.54,2.72,2.90,3.07,3.24,3.41,3.58,3.75,3.93
McCutchen, Andrew,457705,MIL,158,DH,35,R,0.00,0.55,0.86,1.13,1.37,1.59,1.80,2.00,2.19,2.38,2.56,2.74,2.91,3.09,3.26,3.42,3.59,3.76,3.93
McGuire, Reese,624512,BOS,111,C,27,L,0.00,0.55,0.88,1.16,1.41,1.64,1.86,2.08,2.28,2.48,2.68,2.87,3.06,3.25,3.44,3.63,3.82,4.02,4.23
McKenna, Ryan,663630,BAL,110,CF,25,R,0.00,0.54,0.86,1.12,1.35,1.56,1.76,1.96,2.15,2.33,2.50,2.68,2.85,3.02,3.19,3.35,3.52,3.68,3.85
McKinney, Billy,641856,OAK,133,RF,27,L,0.00,0.55,0.86,1.12,1.36,1.59,1.80,2.01,2.21,2.40,2.59,2.78,2.97,3.15,3.33,3.51,3.69,3.87,4.06
McKinstry, Zach,656716,CHC,112,2B,27,L,0.00,0.55,0.86,1.12,1.36,1.57,1.78,1.98,2.17,2.36,2.54,2.72,2.89,3.07,3.24,3.41,3.58,3.76,3.95
McMahon, Ryan,641857,COL,115,3B,27,L,0.00,0.54,0.84,1.11,1.35,1.58,1.79,2.00,2.20,2.39,2.59,2.78,2.96,3.15,3.33,3.52,3.72,3.92,4.15
McNeil, Jeff,643446,NYM,121,2B,30,L,0.00,0.56,0.87,1.14,1.38,1.60,1.81,2.00,2.20,2.39,2.57,2.75,2.93,3.11,3.28,3.45,3.63,3.81,4.02
Meadows, Austin,640457,DET,116,RF,27,L,0.00,0.54,0.85,1.12,1.36,1.58,1.80,2.00,2.20,2.39,2.58,2.77,2.95,3.13,3.31,3.49,3.67,3.86,4.06
Mejía, Francisco,642336,TB,139,C,26,R,0.00,0.54,0.87,1.14,1.38,1.60,1.81,2.01,2.21,2.40,2.58,2.77,2.95,3.12,3.30,3.47,3.65,3.82,4.01
Mejía, Francisco,642336,TB,139,C,26,L,0.00,0.53,0.83,1.10,1.33,1.55,1.76,1.96,2.15,2.34,2.53,2.71,2.89,3.07,3.25,3.43,3.62,3.82,4.03
Melendez, MJ,669004,KC,118,C,23,L,0.00,0.56,0.88,1.14,1.38,1.61,1.82,2.02,2.22,2.41,2.59,2.78,2.96,3.14,3.32,3.49,3.67,3.85,4.05
Mendick, Danny,664901,CWS,145,SS,28,R,0.00,0.55,0.88,1.15,1.40,1.63,1.85,2.05,2.26,2.45,2.65,2.84,3.03,3.22,3.41,3.60,3.79,3.98,4.18
Meneses, Joey,608841,WSH,120,1B,30,R,0.00,0.56,0.89,1.17,1.42,1.65,1.87,2.08,2.29,2.49,2.68,2.87,3.06,3.25,3.44,3.63,3.82,4.01,4.21
Mercado, Oscar,640458,CLE,114,RF,27,R,0.00,0.57,0.88,1.14,1.38,1.60,1.81,2.01,2.20,2.39,2.58,2.76,2.93,3.11,3.28,3.45,3.62,3.80,3.98
Merrifield, Whit,593160,TOR,141,2B,33,R,0.00,0.56,0.89,1.16,1.40,1.62,1.83,2.03,2.23,2.41,2.60,2.78,2.95,3.13,3.30,3.47,3.64,3.81,3.99
Meyers, Jake,676694,HOU,117,CF,26,R,0.00,0.54,0.84,1.10,1.33,1.54,1.74,1.94,2.13,2.31,2.49,2.66,2.84,3.01,3.18,3.35,3.52,3.69,3.87
Miller, Brad,543543,TEX,140,LF,32,L,0.00,0.55,0.87,1.14,1.38,1.61,1.82,2.03,2.22,2.42,2.61,2.79,2.97,3.15,3.33,3.52,3.70,3.89,4.09
Miller, Owen,680911,CLE,114,1B,25,R,0.00,0.55,0.86,1.13,1.36,1.58,1.79,1.99,2.18,2.36,2.54,2.72,2.89,3.07,3.23,3.40,3.57,3.73,3.91
Miranda, Jose,669304,MIN,142,1B,24,R,0.00,0.57,0.91,1.18,1.44,1.67,1.89,2.10,2.31,2.51,2.70,2.90,3.09,3.27,3.46,3.65,3.84,4.03,4.22
Mitchell, Cal,668751,PIT,134,RF,23,L,0.00,0.53,0.85,1.12,1.36,1.59,1.81,2.02,2.22,2.42,2.61,2.80,2.99,3.18,3.37,3.56,3.76,3.98,4.21
Mitchell, Garrett,669003,MIL,158,CF,23,L,0.00,0.55,0.84,1.08,1.30,1.51,1.70,1.89,2.07,2.25,2.42,2.59,2.76,2.92,3.09,3.25,3.41,3.58,3.75
Molina, Yadier,425877,STL,138,C,39,R,0.00,0.60,0.97,1.28,1.56,1.83,2.07,2.31,2.54,2.77,2.99,3.20,3.42,3.63,3.84,4.05,4.26,4.48,4.70
Moncada, Yoán,660162,CWS,145,3B,27,L,0.00,0.55,0.86,1.12,1.35,1.57,1.78,1.98,2.17,2.35,2.54,2.72,2.89,3.07,3.24,3.42,3.60,3.78,3.98
Moncada, Yoán,660162,CWS,145,3B,27,R,0.00,0.57,0.89,1.15,1.39,1.61,1.81,2.01,2.20,2.39,2.57,2.75,2.92,3.10,3.27,3.45,3.62,3.80,3.99
Moniak, Mickey,666160,LAA,108,CF,24,L,0.00,0.52,0.82,1.07,1.30,1.51,1.71,1.91,2.09,2.28,2.45,2.63,2.80,2.97,3.14,3.31,3.48,3.66,3.85
Montero, Elehuris,660707,COL,115,3B,23,R,0.00,0.56,0.89,1.17,1.42,1.65,1.87,2.08,2.28,2.48,2.67,2.86,3.05,3.23,3.42,3.60,3.78,3.96,4.15
Moore, Dylan,664238,SEA,136,RF,29,R,0.00,0.56,0.89,1.16,1.40,1.63,1.84,2.04,2.24,2.43,2.61,2.80,2.98,3.15,3.33,3.51,3.68,3.86,4.04
Moran, Colin,592567,CIN,113,1B,29,L,0.00,0.55,0.88,1.17,1.43,1.68,1.91,2.14,2.35,2.56,2.77,2.98,3.18,3.38,3.58,3.78,3.99,4.21,4.44
Morel, Christopher,666624,CHC,112,CF,23,R,0.00,0.56,0.87,1.13,1.37,1.59,1.79,1.99,2.18,2.36,2.55,2.72,2.90,3.07,3.24,3.41,3.58,3.75,3.93
Moreno, Gabriel,672515,TOR,141,C,22,R,0.00,0.54,0.85,1.12,1.36,1.58,1.79,1.98,2.18,2.36,2.55,2.72,2.90,3.07,3.25,3.42,3.59,3.76,3.94
Mountcastle, Ryan,663624,BAL,110,1B,25,R,0.00,0.56,0.89,1.16,1.40,1.63,1.84,2.04,2.23,2.42,2.61,2.79,2.97,3.15,3.32,3.50,3.67,3.85,4.03
Moustakas, Mike,519058,CIN,113,DH,33,L,0.00,0.56,0.90,1.18,1.44,1.68,1.91,2.12,2.33,2.54,2.74,2.94,3.14,3.33,3.52,3.72,3.92,4.13,4.37
Mullins, Cedric,656775,BAL,110,CF,27,L,0.00,0.53,0.83,1.08,1.31,1.52,1.72,1.92,2.10,2.28,2.46,2.63,2.80,2.97,3.14,3.30,3.47,3.65,3.83
Muncy, Max,571970,LAD,119,3B,31,L,0.00,0.54,0.84,1.11,1.34,1.56,1.77,1.98,2.17,2.36,2.55,2.73,2.91,3.09,3.27,3.45,3.63,3.82,4.01
Munoz, Yairo,622168,PHI,143,2B,27,R,0.00,0.55,0.86,1.12,1.35,1.57,1.78,1.98,2.17,2.36,2.54,2.72,2.89,3.07,3.24,3.41,3.58,3.75,3.92
Murphy, Sean,669221,OAK,133,C,27,R,0.00,0.56,0.89,1.16,1.41,1.63,1.85,2.06,2.26,2.45,2.64,2.83,3.02,3.21,3.39,3.57,3.76,3.94,4.14
Myers, Wil,571976,SD,135,RF,31,R,0.00,0.56,0.87,1.14,1.38,1.60,1.81,2.00,2.20,2.38,2.57,2.75,2.92,3.10,3.27,3.44,3.61,3.79,3.97
Naquin, Tyler,571980,NYM,121,RF,31,L,0.00,0.54,0.85,1.11,1.34,1.56,1.77,1.98,2.17,2.36,2.55,2.73,2.91,3.09,3.26,3.44,3.63,3.81,4.01
Narváez, Omar,553882,MIL,158,C,30,L,0.00,0.55,0.88,1.16,1.41,1.65,1.88,2.10,2.31,2.51,2.72,2.92,3.11,3.31,3.51,3.72,3.93,4.15,4.39
Naylor, Josh,647304,CLE,114,1B,25,L,0.00,0.55,0.87,1.14,1.39,1.62,1.84,2.05,2.25,2.45,2.65,2.84,3.03,3.22,3.40,3.59,3.79,3.99,4.20
Neuse, Sheldon,641914,OAK,133,3B,27,R,0.00,0.56,0.89,1.16,1.40,1.63,1.85,2.05,2.25,2.45,2.64,2.83,3.01,3.20,3.38,3.56,3.75,3.93,4.13
Nevin, Tyler,663527,BAL,110,3B,25,R,0.00,0.57,0.90,1.17,1.42,1.66,1.88,2.09,2.29,2.50,2.70,2.89,3.08,3.28,3.47,3.66,3.85,4.04,4.25
Newman, Kevin,621028,PIT,134,2B,28,R,0.00,0.54,0.86,1.13,1.37,1.59,1.80,2.00,2.20,2.39,2.57,2.75,2.93,3.11,3.28,3.46,3.63,3.80,3.99
Nido, Tomás,621512,NYM,121,C,28,R,0.00,0.57,0.92,1.21,1.47,1.72,1.95,2.17,2.38,2.59,2.79,2.99,3.19,3.38,3.57,3.77,3.96,4.15,4.36
Nimmo, Brandon,607043,NYM,121,CF,29,L,0.00,0.54,0.84,1.09,1.33,1.54,1.74,1.93,2.12,2.30,2.48,2.65,2.82,2.99,3.16,3.33,3.50,3.68,3.86
Nola, Austin,543592,SD,135,C,32,R,0.00,0.56,0.90,1.19,1.44,1.68,1.90,2.12,2.32,2.52,2.72,2.91,3.10,3.29,3.48,3.66,3.84,4.03,4.23
Nootbaar, Lars,663457,STL,138,RF,24,L,0.00,0.55,0.86,1.12,1.36,1.58,1.79,1.99,2.18,2.37,2.55,2.73,2.91,3.09,3.26,3.44,3.61,3.79,3.97
O'Hearn, Ryan,656811,KC,118,DH,28,L,0.00,0.52,0.83,1.09,1.33,1.55,1.76,1.96,2.15,2.34,2.52,2.70,2.88,3.06,3.23,3.41,3.58,3.76,3.95
O'Neill, Tyler,641933,STL,138,LF,27,R,0.00,0.55,0.85,1.11,1.34,1.55,1.75,1.95,2.13,2.32,2.49,2.67,2.84,3.01,3.18,3.34,3.50,3.67,3.84
Odor, Rougned,596059,BAL,110,2B,28,L,0.00,0.54,0.84,1.11,1.34,1.56,1.77,1.97,2.17,2.36,2.54,2.73,2.91,3.09,3.27,3.44,3.62,3.80,3.99
Ohtani, Shohei,660271,LAA,108,DH,27,L,0.00,0.55,0.85,1.11,1.34,1.55,1.76,1.95,2.14,2.33,2.50,2.68,2.85,3.03,3.20,3.37,3.54,3.71,3.90
Olivares, Edward,658668,KC,118,RF,26,R,0.00,0.56,0.87,1.14,1.37,1.59,1.80,2.00,2.19,2.37,2.56,2.73,2.91,3.08,3.25,3.43,3.59,3.77,3.94
Olson, Matt,621566,ATL,144,1B,28,L,0.00,0.56,0.89,1.17,1.41,1.65,1.87,2.08,2.29,2.48,2.68,2.87,3.06,3.25,3.44,3.62,3.81,4.00,4.21
Ortega, Rafael,542364,CHC,112,CF,31,L,0.00,0.54,0.85,1.11,1.35,1.58,1.79,1.99,2.19,2.38,2.57,2.75,2.94,3.12,3.30,3.48,3.67,3.86,4.08
Owings, Chris,572008,BAL,110,2B,30,R,0.00,0.59,0.92,1.19,1.43,1.65,1.87,2.07,2.26,2.45,2.64,2.82,3.01,3.19,3.36,3.54,3.71,3.89,4.07
Ozuna, Marcell,542303,ATL,144,DH,31,R,0.00,0.59,0.94,1.23,1.49,1.72,1.95,2.16,2.36,2.56,2.75,2.94,3.12,3.30,3.48,3.66,3.84,4.02,4.21
Pache, Cristian,665506,OAK,133,CF,23,R,0.00,0.56,0.88,1.15,1.38,1.61,1.81,2.01,2.21,2.39,2.58,2.76,2.94,3.11,3.28,3.46,3.63,3.80,3.99
Palacios, Jermaine,650339,MIN,142,SS,25,R,0.00,0.55,0.88,1.15,1.39,1.62,1.83,2.03,2.23,2.42,2.60,2.78,2.96,3.14,3.31,3.49,3.66,3.84,4.03
Palacios, Josh,641943,WSH,120,RF,26,L,0.00,0.54,0.83,1.09,1.32,1.53,1.74,1.93,2.12,2.30,2.48,2.66,2.83,3.01,3.18,3.35,3.52,3.69,3.88
Palacios, Richie,680700,CLE,114,LF,25,L,0.00,0.54,0.84,1.10,1.33,1.55,1.76,1.96,2.15,2.34,2.52,2.70,2.88,3.05,3.23,3.41,3.58,3.77,3.97
Papierski, Michael,657709,CIN,113,C,26,L,0.00,0.56,0.90,1.19,1.45,1.70,1.92,2.14,2.36,2.57,2.77,2.97,3.17,3.36,3.56,3.76,3.96,4.18,4.41
Paredes, Isaac,670623,TB,139,3B,23,R,0.00,0.57,0.90,1.18,1.43,1.67,1.89,2.10,2.31,2.50,2.70,2.89,3.08,3.27,3.46,3.65,3.84,4.03,4.24
Park, Hoy,660829,PIT,134,2B,26,L,0.00,0.56,0.86,1.11,1.35,1.57,1.77,1.97,2.16,2.35,2.53,2.71,2.88,3.06,3.23,3.40,3.57,3.75,3.96
Pasquantino, Vinnie,686469,KC,118,1B,24,L,0.00,0.56,0.90,1.18,1.43,1.66,1.88,2.10,2.30,2.50,2.70,2.89,3.08,3.27,3.46,3.65,3.84,4.03,4.23
Pederson, Joc,592626,SF,137,LF,30,L,0.00,0.55,0.87,1.15,1.39,1.62,1.83,2.04,2.24,2.43,2.62,2.81,2.99,3.17,3.35,3.53,3.72,3.90,4.09
Peralta, David,444482,TB,139,LF,34,L,0.00,0.53,0.84,1.11,1.35,1.57,1.78,1.99,2.18,2.37,2.56,2.74,2.92,3.10,3.27,3.45,3.63,3.82,4.03
Peraza, Oswald,672724,NYY,147,SS,22,R,0.00,0.56,0.89,1.15,1.38,1.60,1.80,2.00,2.19,2.37,2.55,2.72,2.90,3.07,3.24,3.40,3.57,3.74,3.91
Perdomo, Geraldo,672695,AZ,109,SS,22,L,0.00,0.55,0.86,1.12,1.36,1.58,1.79,2.00,2.19,2.39,2.57,2.76,2.94,3.13,3.31,3.49,3.68,3.88,4.09
Perdomo, Geraldo,672695,AZ,109,SS,22,R,0.00,0.57,0.90,1.17,1.41,1.64,1.85,2.06,2.26,2.45,2.64,2.82,3.01,3.19,3.36,3.54,3.72,3.90,4.09
Perez, Michael,605421,NYM,121,C,29,L,0.00,0.53,0.85,1.13,1.39,1.62,1.84,2.06,2.27,2.47,2.67,2.87,3.06,3.26,3.46,3.67,3.89,4.13,4.39
Perez, Salvador,521692,KC,118,C,32,R,0.00,0.58,0.94,1.23,1.49,1.73,1.96,2.18,2.39,2.60,2.80,3.00,3.20,3.39,3.58,3.77,3.96,4.15,4.35
Peterson, Jace,607054,MIL,158,3B,32,L,0.00,0.55,0.86,1.12,1.36,1.58,1.79,1.99,2.18,2.37,2.55,2.72,2.90,3.07,3.24,3.41,3.59,3.77,3.96
Peña, Jeremy,665161,HOU,117,SS,24,R,0.00,0.54,0.85,1.11,1.34,1.55,1.75,1.95,2.13,2.31,2.49,2.67,2.84,3.01,3.17,3.34,3.51,3.67,3.84
Pham, Tommy,502054,BOS,111,LF,34,R,0.00,0.56,0.89,1.16,1.40,1.63,1.84,2.04,2.23,2.43,2.61,2.79,2.97,3.15,3.32,3.50,3.67,3.85,4.03
Phillips, Brett,621433,BAL,110,CF,28,L,0.00,0.53,0.82,1.08,1.30,1.51,1.71,1.90,2.09,2.27,2.45,2.62,2.79,2.96,3.13,3.30,3.47,3.64,3.83
Pinder, Chad,640461,OAK,133,LF,30,R,0.00,0.57,0.91,1.19,1.44,1.68,1.90,2.12,2.33,2.53,2.73,2.92,3.11,3.30,3.49,3.68,3.88,4.08,4.29
Pinto, René,650907,TB,139,C,25,R,0.00,0.56,0.89,1.16,1.40,1.63,1.84,2.05,2.25,2.44,2.63,2.81,3.00,3.18,3.36,3.53,3.71,3.89,4.07
Piscotty, Stephen,572039,OAK,133,RF,31,R,0.00,0.57,0.90,1.18,1.43,1.67,1.89,2.11,2.31,2.52,2.72,2.91,3.10,3.30,3.49,3.68,3.87,4.06,4.27
Plawecki, Kevin,608700,TEX,140,C,31,R,0.00,0.55,0.90,1.19,1.45,1.69,1.92,2.14,2.36,2.57,2.77,2.98,3.18,3.38,3.58,3.78,3.98,4.19,4.41
Polanco, Jorge,593871,MIN,142,2B,28,L,0.00,0.56,0.88,1.14,1.38,1.60,1.80,2.00,2.19,2.38,2.56,2.73,2.91,3.08,3.25,3.42,3.59,3.77,3.96
Pollock, AJ,572041,CWS,145,LF,34,R,0.00,0.57,0.89,1.16,1.40,1.62,1.83,2.03,2.22,2.41,2.60,2.78,2.96,3.13,3.31,3.48,3.66,3.83,4.02
Pratto, Nick,668472,KC,118,1B,23,L,0.00,0.56,0.86,1.13,1.36,1.58,1.79,1.99,2.19,2.38,2.56,2.75,2.93,3.11,3.29,3.46,3.64,3.83,4.03
Profar, Jurickson,595777,SD,135,LF,29,L,0.00,0.55,0.87,1.14,1.39,1.61,1.83,2.04,2.24,2.43,2.62,2.81,3.00,3.18,3.36,3.54,3.73,3.92,4.13
Profar, Jurickson,595777,SD,135,LF,29,R,0.00,0.56,0.88,1.16,1.41,1.64,1.85,2.06,2.26,2.46,2.65,2.84,3.03,3.21,3.39,3.57,3.75,3.94,4.13
Pujols, Albert,405395,STL,138,DH,42,R,0.00,0.59,0.95,1.25,1.52,1.77,2.00,2.23,2.46,2.67,2.88,3.10,3.31,3.52,3.73,3.94,4.16,4.39,4.64
Raleigh, Cal,663728,SEA,136,C,25,L,0.00,0.55,0.87,1.14,1.39,1.62,1.84,2.05,2.25,2.45,2.64,2.83,3.02,3.20,3.39,3.57,3.75,3.94,4.15
Raleigh, Cal,663728,SEA,136,C,25,R,0.00,0.54,0.87,1.15,1.40,1.63,1.85,2.06,2.26,2.45,2.65,2.84,3.02,3.21,3.39,3.57,3.75,3.94,4.12
Ramírez, Harold,623912,TB,139,DH,27,R,0.00,0.55,0.87,1.14,1.38,1.60,1.81,2.01,2.21,2.39,2.58,2.76,2.93,3.11,3.28,3.46,3.63,3.80,3.99
Ramírez, José,608070,CLE,114,3B,29,R,0.00,0.56,0.89,1.16,1.39,1.61,1.82,2.01,2.20,2.38,2.56,2.74,2.91,3.09,3.25,3.42,3.59,3.75,3.93
Ramírez, José,608070,CLE,114,3B,29,L,0.00,0.54,0.84,1.09,1.32,1.53,1.74,1.93,2.12,2.30,2.48,2.65,2.83,3.00,3.17,3.34,3.51,3.69,3.87
Realmuto, J.T.,592663,PHI,143,C,31,R,0.00,0.56,0.88,1.15,1.39,1.61,1.82,2.02,2.21,2.40,2.58,2.76,2.93,3.11,3.28,3.45,3.62,3.79,3.96
Refsnyder, Rob,608701,BOS,111,RF,31,R,0.00,0.56,0.89,1.16,1.40,1.63,1.84,2.04,2.24,2.44,2.62,2.81,2.99,3.17,3.35,3.53,3.72,3.90,4.10
Rendon, Anthony,543685,LAA,108,3B,32,R,0.00,0.57,0.91,1.19,1.45,1.68,1.90,2.12,2.32,2.52,2.71,2.91,3.10,3.28,3.47,3.66,3.84,4.03,4.22
Renfroe, Hunter,592669,MIL,158,RF,30,R,0.00,0.56,0.90,1.17,1.42,1.65,1.87,2.07,2.27,2.46,2.65,2.84,3.02,3.21,3.38,3.57,3.75,3.93,4.12
Rengifo, Luis,650859,LAA,108,2B,25,L,0.00,0.52,0.83,1.09,1.32,1.54,1.75,1.95,2.14,2.33,2.51,2.69,2.87,3.05,3.22,3.40,3.57,3.75,3.96
Rengifo, Luis,650859,LAA,108,2B,25,R,0.00,0.55,0.88,1.14,1.39,1.61,1.82,2.02,2.22,2.40,2.59,2.77,2.95,3.13,3.30,3.48,3.65,3.83,4.02
Reyes, Franmil,614177,CHC,112,DH,26,R,0.00,0.58,0.94,1.22,1.48,1.72,1.94,2.16,2.37,2.57,2.77,2.96,3.15,3.34,3.52,3.71,3.90,4.09,4.28
Reyes, Victor,622682,DET,116,RF,27,R,0.00,0.60,0.94,1.22,1.47,1.69,1.91,2.11,2.31,2.51,2.69,2.88,3.06,3.24,3.42,3.60,3.78,3.95,4.14
Reyes, Victor,622682,DET,116,RF,27,L,0.00,0.54,0.86,1.12,1.36,1.59,1.80,2.00,2.20,2.39,2.58,2.76,2.94,3.12,3.29,3.47,3.66,3.84,4.05
Reynolds, Bryan,668804,PIT,134,CF,27,R,0.00,0.56,0.87,1.13,1.37,1.59,1.79,1.99,2.18,2.37,2.55,2.73,2.90,3.08,3.25,3.42,3.59,3.76,3.94
Reynolds, Bryan,668804,PIT,134,CF,27,L,0.00,0.53,0.84,1.09,1.32,1.54,1.75,1.94,2.13,2.32,2.50,2.68,2.86,3.03,3.20,3.38,3.55,3.73,3.93
Reynolds, Matt,608703,CIN,113,2B,31,R,0.00,0.55,0.87,1.14,1.39,1.61,1.83,2.03,2.23,2.42,2.61,2.80,2.98,3.16,3.34,3.52,3.69,3.87,4.06
Riley, Austin,663586,ATL,144,3B,25,R,0.00,0.56,0.88,1.15,1.40,1.62,1.84,2.04,2.24,2.43,2.62,2.80,2.98,3.16,3.34,3.51,3.69,3.86,4.04
Rivas, Alfonso,663845,CHC,112,1B,25,L,0.00,0.55,0.86,1.13,1.38,1.60,1.82,2.03,2.23,2.42,2.62,2.80,2.99,3.18,3.36,3.55,3.74,3.95,4.16
Rivera, Emmanuel,656896,AZ,109,3B,26,R,0.00,0.56,0.90,1.18,1.43,1.66,1.88,2.09,2.29,2.49,2.68,2.87,3.06,3.24,3.42,3.61,3.79,3.98,4.17
Rizzo, Anthony,519203,NYY,147,1B,32,L,0.00,0.56,0.89,1.17,1.42,1.65,1.88,2.09,2.30,2.50,2.70,2.89,3.09,3.28,3.47,3.66,3.85,4.05,4.26
Robert Jr., Luis,673357,CWS,145,CF,24,R,0.00,0.55,0.87,1.13,1.36,1.58,1.78,1.97,2.16,2.34,2.52,2.70,2.87,3.05,3.22,3.39,3.57,3.75,3.93
Robinson, Chuckie,642020,CIN,113,C,27,R,0.00,0.55,0.88,1.17,1.42,1.65,1.88,2.09,2.30,2.50,2.70,2.89,3.08,3.27,3.46,3.65,3.83,4.02,4.22
Robles, Victor,645302,WSH,120,CF,25,R,0.00,0.56,0.87,1.13,1.36,1.58,1.78,1.97,2.16,2.34,2.52,2.69,2.86,3.03,3.19,3.36,3.53,3.69,3.87
Rodgers, Brendan,663898,COL,115,2B,25,R,0.00,0.56,0.87,1.13,1.37,1.59,1.81,2.01,2.21,2.40,2.59,2.78,2.96,3.15,3.33,3.51,3.69,3.87,4.07
Rodríguez, Julio,677594,SEA,136,CF,21,R,0.00,0.55,0.86,1.12,1.35,1.57,1.77,1.96,2.15,2.33,2.50,2.67,2.84,3.01,3.17,3.34,3.50,3.66,3.83
Rojas, Josh,668942,AZ,109,3B,28,L,0.00,0.55,0.86,1.12,1.36,1.58,1.80,2.00,2.19,2.39,2.57,2.75,2.94,3.11,3.29,3.47,3.65,3.83,4.02
Rojas, Miguel,500743,MIA,146,SS,33,R,0.00,0.56,0.89,1.17,1.42,1.65,1.87,2.08,2.28,2.48,2.67,2.86,3.05,3.24,3.42,3.61,3.80,3.99,4.20
Romine, Austin,519222,CIN,113,C,33,R,0.00,0.57,0.92,1.20,1.46,1.70,1.93,2.15,2.35,2.56,2.76,2.96,3.15,3.35,3.54,3.73,3.92,4.12,4.33
Rosario, Amed,642708,CLE,114,SS,26,R,0.00,0.56,0.88,1.14,1.37,1.59,1.80,1.99,2.18,2.36,2.54,2.72,2.89,3.06,3.22,3.39,3.56,3.72,3.89
Rosario, Eddie,592696,ATL,144,LF,30,L,0.00,0.54,0.85,1.11,1.35,1.57,1.77,1.97,2.17,2.35,2.54,2.72,2.90,3.07,3.25,3.42,3.60,3.79,4.00
Ruf, Darin,573131,NYM,121,1B,35,R,0.00,0.57,0.91,1.20,1.45,1.69,1.92,2.14,2.35,2.55,2.76,2.95,3.15,3.34,3.53,3.72,3.91,4.11,4.31
Ruiz, Esteury,665923,MIL,158,LF,23,R,0.00,0.54,0.85,1.11,1.34,1.56,1.76,1.96,2.14,2.32,2.50,2.67,2.84,3.00,3.17,3.33,3.49,3.65,3.81
Ruiz, Keibert,660688,WSH,120,C,23,L,0.00,0.53,0.85,1.12,1.37,1.61,1.83,2.04,2.25,2.45,2.64,2.84,3.03,3.22,3.42,3.61,3.81,4.02,4.24
Ruiz, Keibert,660688,WSH,120,C,23,R,0.00,0.57,0.92,1.20,1.46,1.70,1.93,2.14,2.35,2.56,2.76,2.95,3.15,3.34,3.53,3.72,3.92,4.12,4.32
Rutschman, Adley,668939,BAL,110,C,24,L,0.00,0.55,0.86,1.13,1.37,1.59,1.81,2.01,2.21,2.41,2.60,2.78,2.97,3.15,3.33,3.51,3.70,3.88,4.08
Rutschman, Adley,668939,BAL,110,C,24,R,0.00,0.58,0.92,1.19,1.44,1.68,1.89,2.10,2.31,2.51,2.70,2.89,3.07,3.26,3.44,3.63,3.81,3.99,4.17
Ríos, Edwin,621458,LAD,119,DH,28,L,0.00,0.53,0.86,1.13,1.38,1.61,1.83,2.04,2.24,2.44,2.63,2.83,3.02,3.21,3.40,3.59,3.78,3.97,4.18
Sanchez, Gary,596142,MIN,142,C,29,R,0.00,0.58,0.92,1.21,1.46,1.70,1.92,2.14,2.34,2.55,2.74,2.93,3.13,3.31,3.50,3.69,3.88,4.07,4.26
Santana, Carlos,467793,SEA,136,1B,36,L,0.00,0.55,0.87,1.14,1.38,1.61,1.83,2.04,2.24,2.44,2.63,2.82,3.01,3.19,3.38,3.57,3.76,3.96,4.19
Santana, Carlos,467793,SEA,136,1B,36,R,0.00,0.58,0.92,1.20,1.45,1.68,1.90,2.12,2.32,2.52,2.72,2.91,3.10,3.29,3.48,3.67,3.85,4.05,4.25
Santander, Anthony,623993,BAL,110,RF,27,R,0.00,0.58,0.92,1.19,1.44,1.67,1.89,2.09,2.29,2.48,2.67,2.86,3.04,3.22,3.40,3.58,3.76,3.94,4.13
Santander, Anthony,623993,BAL,110,RF,27,L,0.00,0.55,0.87,1.14,1.39,1.61,1.82,2.03,2.23,2.42,2.62,2.80,2.99,3.17,3.35,3.54,3.73,3.92,4.13
Schoop, Jonathan,570731,DET,116,2B,30,R,0.00,0.57,0.90,1.18,1.43,1.66,1.88,2.09,2.29,2.48,2.68,2.86,3.05,3.23,3.41,3.59,3.78,3.96,4.15
Schwarber, Kyle,656941,PHI,143,LF,29,L,0.00,0.55,0.87,1.14,1.38,1.61,1.82,2.03,2.23,2.43,2.62,2.81,2.99,3.17,3.36,3.54,3.72,3.91,4.11
Schwindel, Frank,643524,CHC,112,1B,30,R,0.00,0.57,0.92,1.20,1.46,1.69,1.92,2.13,2.34,2.54,2.74,2.94,3.13,3.32,3.51,3.70,3.89,4.09,4.30
Seager, Corey,608369,TEX,140,SS,28,L,0.00,0.55,0.87,1.14,1.38,1.61,1.83,2.03,2.23,2.43,2.62,2.81,3.00,3.18,3.37,3.55,3.75,3.94,4.16
Segura, Jean,516416,PHI,143,2B,32,R,0.00,0.55,0.88,1.15,1.39,1.61,1.82,2.02,2.21,2.40,2.58,2.76,2.94,3.12,3.29,3.47,3.64,3.81,4.00
Semien, Marcus,543760,TEX,140,2B,31,R,0.00,0.55,0.86,1.12,1.36,1.58,1.78,1.98,2.17,2.35,2.53,2.71,2.88,3.06,3.23,3.40,3.56,3.73,3.91
Senzel, Nick,669222,CIN,113,CF,27,R,0.00,0.55,0.87,1.13,1.37,1.59,1.80,2.00,2.19,2.38,2.56,2.74,2.92,3.09,3.26,3.44,3.60,3.77,3.95
Serven, Brian,661531,COL,115,C,27,R,0.00,0.56,0.89,1.17,1.42,1.66,1.88,2.09,2.29,2.49,2.68,2.87,3.06,3.25,3.43,3.62,3.80,3.99,4.19
Sheets, Gavin,657757,CWS,145,RF,26,L,0.00,0.55,0.88,1.15,1.40,1.63,1.85,2.06,2.27,2.46,2.66,2.85,3.04,3.22,3.40,3.59,3.77,3.96,4.16
Sierra, Magneuris,642423,LAA,108,CF,26,L,0.00,0.52,0.81,1.06,1.29,1.50,1.69,1.89,2.07,2.25,2.42,2.59,2.76,2.93,3.09,3.26,3.42,3.59,3.80
Simmons, Andrelton,592743,CHC,112,SS,32,R,0.00,0.57,0.90,1.17,1.42,1.65,1.87,2.08,2.28,2.48,2.67,2.86,3.04,3.23,3.41,3.59,3.77,3.96,4.15
Siri, Jose,642350,TB,139,CF,26,R,0.00,0.55,0.87,1.13,1.36,1.58,1.78,1.97,2.16,2.34,2.51,2.68,2.85,3.01,3.17,3.33,3.49,3.65,3.82
Slater, Austin,596103,SF,137,CF,29,R,0.00,0.55,0.86,1.12,1.36,1.57,1.78,1.97,2.16,2.34,2.52,2.70,2.87,3.05,3.22,3.39,3.56,3.72,3.90
Smith, Dominic,642086,NYM,121,1B,27,L,0.00,0.55,0.88,1.15,1.40,1.63,1.85,2.06,2.27,2.46,2.66,2.85,3.04,3.23,3.41,3.60,3.78,3.97,4.18
Smith, Josh H.,669701,TEX,140,3B,24,L,0.00,0.52,0.81,1.07,1.30,1.51,1.72,1.91,2.10,2.29,2.47,2.65,2.82,2.99,3.17,3.34,3.52,3.70,3.90
Smith, Kevin,675656,OAK,133,3B,25,R,0.00,0.56,0.89,1.15,1.40,1.62,1.83,2.04,2.23,2.43,2.61,2.80,2.98,3.16,3.33,3.51,3.69,3.87,4.06
Smith, Pavin,656976,AZ,109,RF,26,L,0.00,0.56,0.88,1.15,1.39,1.62,1.84,2.04,2.25,2.44,2.63,2.82,3.01,3.20,3.38,3.57,3.76,3.96,4.18
Smith, Will,669257,LAD,119,C,27,R,0.00,0.57,0.90,1.16,1.41,1.63,1.84,2.05,2.24,2.43,2.62,2.80,2.98,3.16,3.34,3.52,3.70,3.88,4.06
Solak, Nick,669256,TEX,140,LF,27,R,0.00,0.54,0.85,1.11,1.34,1.56,1.76,1.96,2.15,2.33,2.51,2.69,2.87,3.05,3.22,3.39,3.56,3.73,3.91
Solano, Donovan,456781,CIN,113,1B,34,R,0.00,0.58,0.92,1.20,1.45,1.69,1.91,2.13,2.33,2.53,2.73,2.92,3.11,3.30,3.49,3.68,3.86,4.06,4.27
Soler, Jorge,624585,MIA,146,LF,30,R,0.00,0.58,0.91,1.19,1.44,1.67,1.89,2.10,2.30,2.49,2.68,2.87,3.05,3.24,3.42,3.60,3.78,3.96,4.16
Sosa, Edmundo,624641,PHI,143,SS,26,R,0.00,0.56,0.87,1.13,1.36,1.57,1.78,1.97,2.16,2.33,2.51,2.68,2.85,3.02,3.19,3.35,3.51,3.67,3.85
Sosa, Lenyn,672820,CWS,145,SS,22,R,0.00,0.57,0.90,1.18,1.42,1.65,1.86,2.06,2.26,2.45,2.64,2.82,3.00,3.18,3.36,3.54,3.71,3.90,4.08
Soto, Juan,665742,SD,135,RF,23,L,0.00,0.55,0.87,1.14,1.38,1.61,1.82,2.02,2.22,2.41,2.60,2.79,2.97,3.15,3.33,3.51,3.70,3.88,4.08
Springer, George,543807,TOR,141,CF,32,R,0.00,0.55,0.86,1.12,1.35,1.57,1.78,1.97,2.16,2.35,2.53,2.71,2.88,3.06,3.23,3.40,3.57,3.74,3.92
Stallings, Jacob,607732,MIA,146,C,32,R,0.00,0.59,0.94,1.24,1.51,1.76,2.00,2.23,2.46,2.67,2.89,3.10,3.30,3.51,3.71,3.92,4.12,4.34,4.56
Stanton, Giancarlo,519317,NYY,147,DH,32,R,0.00,0.56,0.88,1.15,1.40,1.64,1.86,2.07,2.28,2.49,2.69,2.89,3.09,3.29,3.49,3.69,3.90,4.11,4.35
Stassi, Max,545358,LAA,108,C,31,R,0.00,0.56,0.89,1.17,1.43,1.66,1.88,2.10,2.30,2.50,2.70,2.89,3.08,3.27,3.46,3.66,3.85,4.05,4.25
Steer, Spencer,668715,CIN,113,3B,24,R,0.00,0.56,0.89,1.17,1.42,1.64,1.86,2.07,2.27,2.46,2.65,2.84,3.02,3.20,3.37,3.55,3.72,3.90,4.08
Stefanic, Michael,683021,LAA,108,2B,26,R,0.00,0.55,0.87,1.14,1.39,1.62,1.84,2.05,2.25,2.45,2.65,2.84,3.03,3.21,3.40,3.58,3.77,3.96,4.15
Stephenson, Tyler,663886,CIN,113,C,25,R,0.00,0.57,0.91,1.19,1.44,1.67,1.89,2.10,2.31,2.51,2.70,2.89,3.08,3.27,3.45,3.64,3.82,4.02,4.22
Story, Trevor,596115,BOS,111,2B,29,R,0.00,0.56,0.87,1.13,1.36,1.58,1.78,1.98,2.17,2.35,2.53,2.71,2.88,3.05,3.22,3.39,3.56,3.73,3.91
Stott, Bryson,681082,PHI,143,SS,24,L,0.00,0.54,0.85,1.11,1.35,1.57,1.77,1.97,2.16,2.34,2.52,2.70,2.87,3.04,3.21,3.37,3.54,3.71,3.91
Stowers, Kyle,669065,BAL,110,LF,24,L,0.00,0.56,0.87,1.13,1.37,1.59,1.80,2.00,2.20,2.40,2.59,2.78,2.96,3.15,3.33,3.51,3.70,3.89,4.10
Strange-Gordon, Dee,543829,WSH,120,SS,34,L,0.00,0.54,0.84,1.10,1.33,1.54,1.75,1.95,2.14,2.32,2.50,2.68,2.86,3.03,3.20,3.38,3.55,3.73,3.92
Straw, Myles,664702,CLE,114,CF,27,R,0.00,0.55,0.86,1.12,1.35,1.57,1.77,1.96,2.15,2.33,2.51,2.68,2.85,3.02,3.19,3.36,3.52,3.69,3.86
Stubbs, Garrett,596117,PHI,143,C,29,L,0.00,0.53,0.84,1.09,1.33,1.54,1.75,1.95,2.14,2.33,2.51,2.70,2.88,3.05,3.23,3.41,3.59,3.77,3.96
Suwinski, Jack,669261,PIT,134,LF,23,L,0.00,0.54,0.84,1.09,1.32,1.54,1.74,1.94,2.13,2.31,2.49,2.67,2.85,3.02,3.19,3.36,3.53,3.70,3.88
Suzuki, Kurt,435559,LAA,108,C,38,R,0.00,0.58,0.93,1.22,1.48,1.72,1.96,2.18,2.40,2.61,2.81,3.02,3.22,3.42,3.62,3.82,4.02,4.23,4.46
Suzuki, Seiya,673548,CHC,112,RF,27,R,0.00,0.56,0.88,1.15,1.38,1.61,1.81,2.01,2.21,2.39,2.57,2.75,2.93,3.10,3.28,3.44,3.61,3.79,3.96
Suárez, Eugenio,553993,SEA,136,3B,30,R,0.00,0.56,0.89,1.17,1.42,1.66,1.88,2.09,2.29,2.49,2.69,2.88,3.07,3.26,3.45,3.64,3.84,4.04,4.25
Swanson, Dansby,621020,ATL,144,SS,28,R,0.00,0.55,0.87,1.13,1.37,1.58,1.79,1.98,2.17,2.36,2.54,2.71,2.89,3.06,3.23,3.40,3.57,3.74,3.92
Sánchez, Jesús,660821,MIA,146,CF,24,L,0.00,0.55,0.85,1.11,1.35,1.57,1.77,1.97,2.17,2.36,2.54,2.73,2.91,3.09,3.26,3.44,3.62,3.80,3.99
Tapia, Raimel,606132,TOR,141,LF,28,L,0.00,0.55,0.85,1.11,1.34,1.56,1.76,1.96,2.14,2.33,2.51,2.68,2.85,3.03,3.20,3.36,3.54,3.72,3.92
Taveras, Leody,665750,TEX,140,CF,23,R,0.00,0.58,0.90,1.16,1.39,1.61,1.81,2.00,2.18,2.36,2.54,2.71,2.88,3.05,3.21,3.37,3.54,3.70,3.86
Taveras, Leody,665750,TEX,140,CF,23,L,0.00,0.55,0.85,1.11,1.33,1.54,1.74,1.93,2.12,2.30,2.47,2.64,2.81,2.98,3.15,3.31,3.48,3.65,3.85
Taylor, Chris,621035,LAD,119,LF,31,R,0.00,0.57,0.90,1.16,1.40,1.63,1.84,2.04,2.23,2.42,2.61,2.79,2.97,3.14,3.31,3.48,3.65,3.82,4.00
Taylor, Michael A.,572191,KC,118,CF,31,R,0.00,0.54,0.85,1.11,1.34,1.55,1.76,1.95,2.14,2.33,2.51,2.68,2.86,3.03,3.20,3.37,3.54,3.70,3.88
Taylor, Tyrone,621438,MIL,158,CF,28,R,0.00,0.55,0.87,1.14,1.38,1.60,1.81,2.01,2.20,2.39,2.57,2.75,2.93,3.10,3.28,3.45,3.62,3.78,3.96
Tellez, Rowdy,642133,MIL,158,1B,27,L,0.00,0.57,0.92,1.21,1.47,1.72,1.95,2.17,2.39,2.59,2.80,3.00,3.20,3.40,3.59,3.79,3.98,4.18,4.40
Thaiss, Matt,642136,LAA,108,C,27,L,0.00,0.54,0.86,1.14,1.39,1.63,1.85,2.06,2.27,2.48,2.68,2.88,3.08,3.28,3.49,3.70,3.92,4.17,4.45
Thomas, Alek,677950,AZ,109,CF,22,L,0.00,0.53,0.83,1.09,1.32,1.53,1.74,1.93,2.12,2.30,2.48,2.66,2.83,3.00,3.17,3.33,3.50,3.67,3.86
Thomas, Lane,657041,WSH,120,CF,26,R,0.00,0.55,0.87,1.13,1.36,1.58,1.79,1.98,2.17,2.36,2.54,2.71,2.88,3.05,3.22,3.39,3.55,3.72,3.89
Thompson, Bubba,669352,TEX,140,LF,24,R,0.00,0.53,0.83,1.08,1.31,1.52,1.71,1.90,2.08,2.26,2.43,2.60,2.76,2.92,3.08,3.24,3.40,3.57,3.74
Thompson, Trayce,572204,LAD,119,LF,31,R,0.00,0.58,0.91,1.18,1.43,1.65,1.87,2.07,2.27,2.46,2.65,2.83,3.01,3.19,3.37,3.54,3.72,3.91,4.10
Torkelson, Spencer,679529,DET,116,1B,22,R,0.00,0.56,0.88,1.15,1.39,1.61,1.83,2.03,2.23,2.42,2.61,2.79,2.97,3.15,3.33,3.51,3.68,3.86,4.05
Toro, Abraham,647351,SEA,136,2B,25,R,0.00,0.58,0.90,1.17,1.41,1.63,1.84,2.04,2.24,2.43,2.61,2.79,2.97,3.14,3.32,3.49,3.66,3.84,4.02
Toro, Abraham,647351,SEA,136,2B,25,L,0.00,0.53,0.84,1.10,1.33,1.55,1.76,1.96,2.15,2.34,2.53,2.71,2.89,3.06,3.24,3.41,3.59,3.78,3.98
Torrens, Luis,620443,SEA,136,C,26,R,0.00,0.56,0.90,1.18,1.44,1.67,1.90,2.11,2.32,2.52,2.72,2.92,3.11,3.30,3.49,3.68,3.86,4.06,4.26
Torres, Gleyber,650402,NYY,147,2B,25,R,0.00,0.56,0.89,1.16,1.41,1.64,1.85,2.06,2.26,2.45,2.64,2.83,3.01,3.19,3.37,3.55,3.73,3.91,4.10
Trammell, Taylor,666211,SEA,136,RF,24,L,0.00,0.54,0.85,1.11,1.34,1.56,1.76,1.96,2.15,2.34,2.52,2.70,2.88,3.06,3.24,3.42,3.60,3.80,4.01
Trejo, Alan,676701,COL,115,SS,26,R,0.00,0.56,0.89,1.17,1.42,1.66,1.87,2.08,2.28,2.48,2.67,2.86,3.05,3.24,3.42,3.60,3.78,3.97,4.17
Trevino, Jose,624431,NYY,147,C,29,R,0.00,0.55,0.89,1.16,1.41,1.65,1.87,2.08,2.29,2.49,2.69,2.89,3.09,3.29,3.48,3.68,3.88,4.08,4.29
Trout, Mike,545361,LAA,108,CF,30,R,0.00,0.55,0.86,1.11,1.34,1.55,1.75,1.94,2.13,2.31,2.48,2.65,2.82,2.99,3.15,3.32,3.48,3.65,3.82
Tsutsugo, Yoshi,660294,PIT,134,1B,30,L,0.00,0.58,0.91,1.19,1.44,1.67,1.89,2.10,2.30,2.50,2.70,2.89,3.08,3.26,3.45,3.63,3.82,4.02,4.22
Tucker, Cole,657061,PIT,134,RF,25,L,0.00,0.55,0.85,1.11,1.35,1.57,1.78,1.98,2.17,2.36,2.54,2.72,2.90,3.08,3.25,3.43,3.60,3.78,3.97
Tucker, Kyle,663656,HOU,117,RF,25,L,0.00,0.54,0.84,1.10,1.34,1.55,1.76,1.96,2.16,2.34,2.53,2.71,2.89,3.07,3.25,3.43,3.61,3.80,4.02
Turner, Justin,457759,LAD,119,3B,37,R,0.00,0.57,0.91,1.19,1.45,1.69,1.92,2.14,2.35,2.56,2.77,2.97,3.17,3.36,3.56,3.75,3.94,4.14,4.35
Turner, Trea,607208,LAD,119,SS,29,R,0.00,0.56,0.87,1.12,1.35,1.56,1.76,1.95,2.13,2.31,2.48,2.64,2.81,2.97,3.13,3.29,3.45,3.60,3.77
Urshela, Gio,570482,MIN,142,3B,30,R,0.00,0.56,0.89,1.17,1.41,1.64,1.86,2.07,2.27,2.47,2.66,2.85,3.04,3.23,3.41,3.60,3.79,3.99,4.20
Urías, Luis,649966,MIL,158,3B,25,R,0.00,0.55,0.88,1.16,1.40,1.63,1.85,2.06,2.26,2.45,2.65,2.84,3.03,3.21,3.40,3.59,3.77,3.96,4.16
Urías, Ramón,602104,BAL,110,3B,28,R,0.00,0.57,0.91,1.18,1.43,1.66,1.88,2.09,2.29,2.48,2.68,2.87,3.05,3.24,3.42,3.61,3.79,3.97,4.17
VanMeter, Josh,642165,PIT,134,2B,27,L,0.00,0.55,0.86,1.13,1.37,1.60,1.81,2.02,2.22,2.41,2.60,2.79,2.98,3.16,3.34,3.53,3.72,3.92,4.14
Vargas, Ildemaro,545121,WSH,120,3B,30,L,0.00,0.54,0.85,1.11,1.35,1.58,1.79,1.99,2.19,2.38,2.57,2.75,2.93,3.11,3.29,3.47,3.65,3.83,4.03
Vargas, Ildemaro,545121,WSH,120,3B,30,R,0.00,0.54,0.87,1.14,1.38,1.61,1.83,2.03,2.23,2.42,2.61,2.79,2.98,3.16,3.34,3.53,3.71,3.90,4.10
Varsho, Daulton,662139,AZ,109,RF,25,L,0.00,0.56,0.87,1.13,1.37,1.58,1.79,1.99,2.18,2.36,2.54,2.72,2.89,3.07,3.24,3.41,3.58,3.77,3.97
Vaughn, Andrew,683734,CWS,145,LF,24,R,0.00,0.57,0.90,1.18,1.43,1.66,1.88,2.09,2.30,2.50,2.69,2.88,3.07,3.26,3.45,3.63,3.82,4.01,4.20
Vavra, Terrin,679631,BAL,110,2B,25,L,0.00,0.54,0.85,1.11,1.35,1.57,1.78,1.99,2.18,2.37,2.56,2.74,2.92,3.10,3.28,3.46,3.64,3.83,4.03
Velazquez, Andrew,623205,LAA,108,SS,27,L,0.00,0.53,0.82,1.07,1.29,1.50,1.70,1.88,2.07,2.25,2.42,2.59,2.76,2.93,3.09,3.26,3.43,3.60,3.79
Velazquez, Andrew,623205,LAA,108,SS,27,R,0.00,0.53,0.84,1.09,1.31,1.53,1.72,1.91,2.09,2.27,2.45,2.62,2.79,2.95,3.12,3.28,3.45,3.61,3.79
Velázquez, Nelson,676369,CHC,112,CF,23,R,0.00,0.55,0.87,1.14,1.38,1.60,1.80,2.00,2.20,2.38,2.57,2.75,2.93,3.10,3.28,3.45,3.62,3.79,3.97
Verdugo, Alex,657077,BOS,111,LF,26,L,0.00,0.55,0.86,1.12,1.36,1.59,1.80,2.00,2.20,2.39,2.58,2.76,2.94,3.12,3.30,3.48,3.66,3.84,4.05
Vierling, Matt,663837,PHI,143,CF,25,R,0.00,0.56,0.88,1.14,1.37,1.59,1.79,1.99,2.18,2.36,2.54,2.71,2.88,3.05,3.22,3.38,3.55,3.72,3.89
Villar, David,681584,SF,137,3B,25,R,0.00,0.58,0.92,1.20,1.45,1.69,1.91,2.12,2.32,2.52,2.72,2.91,3.10,3.28,3.47,3.65,3.84,4.02,4.21
Villar, Jonathan,542340,LAA,108,2B,31,L,0.00,0.54,0.85,1.11,1.34,1.57,1.78,1.98,2.17,2.36,2.55,2.74,2.92,3.10,3.28,3.47,3.66,3.86,4.11
Villar, Jonathan,542340,LAA,108,2B,31,R,0.00,0.56,0.89,1.16,1.40,1.63,1.85,2.05,2.25,2.45,2.64,2.82,3.01,3.19,3.37,3.55,3.73,3.91,4.10
Vogelbach, Daniel,596129,NYM,121,DH,29,L,0.00,0.56,0.89,1.18,1.44,1.68,1.91,2.13,2.35,2.55,2.76,2.96,3.16,3.36,3.56,3.77,3.98,4.20,4.43
Vogt, Stephen,519390,OAK,133,DH,37,L,0.00,0.56,0.89,1.16,1.41,1.65,1.87,2.08,2.28,2.48,2.68,2.87,3.06,3.25,3.44,3.63,3.82,4.01,4.23
Voit, Luke,572228,WSH,120,DH,31,R,0.00,0.57,0.91,1.20,1.46,1.70,1.93,2.15,2.36,2.57,2.78,2.98,3.18,3.38,3.58,3.78,3.98,4.18,4.39
Vosler, Jason,613564,SF,137,3B,28,L,0.00,0.53,0.84,1.11,1.36,1.59,1.80,2.01,2.21,2.41,2.60,2.79,2.98,3.16,3.35,3.53,3.71,3.91,4.11
Votto, Joey,458015,CIN,113,1B,38,L,0.00,0.54,0.86,1.14,1.39,1.62,1.85,2.06,2.27,2.47,2.67,2.87,3.06,3.25,3.45,3.64,3.84,4.05,4.28
Vázquez, Christian,543877,HOU,117,C,31,R,0.00,0.58,0.92,1.20,1.47,1.70,1.93,2.15,2.36,2.56,2.76,2.96,3.15,3.34,3.54,3.73,3.93,4.12,4.33
Wade Jr., LaMonte,664774,SF,137,RF,28,L,0.00,0.55,0.87,1.14,1.39,1.62,1.83,2.04,2.24,2.44,2.63,2.82,3.00,3.18,3.37,3.55,3.74,3.94,4.15
Wade, Tyler,642180,LAA,108,2B,27,L,0.00,0.54,0.84,1.09,1.32,1.53,1.73,1.92,2.11,2.29,2.47,2.64,2.81,2.98,3.15,3.32,3.49,3.66,3.85
Walker, Christian,572233,AZ,109,1B,31,R,0.00,0.56,0.90,1.17,1.42,1.66,1.87,2.09,2.29,2.49,2.68,2.87,3.05,3.24,3.42,3.60,3.78,3.97,4.16
Wallner, Matt,670242,MIN,142,RF,24,L,0.00,0.54,0.85,1.11,1.34,1.56,1.76,1.96,2.15,2.33,2.51,2.69,2.87,3.04,3.21,3.39,3.56,3.74,3.93
Walls, Taylor,670764,TB,139,SS,25,R,0.00,0.55,0.87,1.13,1.36,1.58,1.79,1.98,2.17,2.36,2.54,2.71,2.89,3.06,3.23,3.40,3.57,3.74,3.91
Walls, Taylor,670764,TB,139,SS,25,L,0.00,0.53,0.82,1.06,1.29,1.50,1.70,1.90,2.08,2.27,2.44,2.62,2.79,2.96,3.13,3.30,3.47,3.64,3.83
Walsh, Jared,665120,LAA,108,1B,28,L,0.00,0.54,0.86,1.12,1.37,1.60,1.81,2.02,2.22,2.42,2.61,2.80,2.99,3.17,3.36,3.55,3.74,3.93,4.13
Walton, Donovan,622268,SF,137,2B,28,L,0.00,0.54,0.85,1.11,1.35,1.58,1.79,1.99,2.18,2.37,2.56,2.74,2.92,3.10,3.28,3.46,3.65,3.84,4.04
Ward, Taylor,621493,LAA,108,RF,28,R,0.00,0.55,0.86,1.12,1.36,1.58,1.78,1.98,2.17,2.35,2.54,2.71,2.89,3.06,3.23,3.40,3.57,3.74,3.91
Wendle, Joey,621563,MIA,146,3B,32,L,0.00,0.54,0.84,1.10,1.34,1.56,1.77,1.97,2.16,2.35,2.53,2.72,2.90,3.08,3.26,3.43,3.61,3.80,3.99
White, Eli,642201,TEX,140,CF,28,R,0.00,0.56,0.87,1.12,1.35,1.57,1.76,1.95,2.14,2.32,2.49,2.66,2.83,3.00,3.16,3.32,3.48,3.64,3.81
Williams, Luke,663897,MIA,146,LF,25,R,0.00,0.57,0.89,1.15,1.39,1.60,1.81,2.01,2.19,2.38,2.56,2.73,2.91,3.08,3.25,3.42,3.58,3.75,3.93
Winker, Jesse,608385,SEA,136,LF,28,L,0.00,0.55,0.88,1.15,1.40,1.63,1.85,2.06,2.27,2.47,2.66,2.85,3.05,3.23,3.42,3.61,3.80,3.99,4.20
Wisdom, Patrick,621550,CHC,112,3B,30,R,0.00,0.54,0.87,1.14,1.38,1.60,1.81,2.02,2.21,2.40,2.59,2.77,2.95,3.12,3.30,3.47,3.65,3.82,4.00
Witt Jr., Bobby,677951,KC,118,SS,22,R,0.00,0.55,0.86,1.11,1.34,1.55,1.75,1.94,2.13,2.30,2.48,2.65,2.81,2.98,3.14,3.31,3.47,3.63,3.80
Wong, Connor,657136,BOS,111,C,26,R,0.00,0.56,0.87,1.13,1.36,1.58,1.78,1.98,2.17,2.35,2.53,2.71,2.89,3.06,3.23,3.40,3.57,3.74,3.92
Wong, Kolten,543939,MIL,158,2B,31,L,0.00,0.53,0.83,1.09,1.33,1.55,1.76,1.96,2.15,2.34,2.53,2.72,2.90,3.08,3.27,3.45,3.64,3.83,4.04
Wynns, Austin,642851,SF,137,C,31,R,0.00,0.58,0.93,1.22,1.49,1.73,1.97,2.19,2.41,2.62,2.82,3.03,3.23,3.42,3.62,3.82,4.01,4.22,4.44
Yastrzemski, Mike,573262,SF,137,CF,31,L,0.00,0.54,0.85,1.11,1.35,1.57,1.78,1.98,2.18,2.37,2.56,2.74,2.92,3.10,3.28,3.46,3.64,3.83,4.03
Yelich, Christian,592885,MIL,158,LF,30,L,0.00,0.54,0.84,1.10,1.34,1.55,1.76,1.96,2.15,2.33,2.51,2.69,2.86,3.04,3.21,3.38,3.55,3.73,3.91
Yepez, Juan,660766,STL,138,LF,24,R,0.00,0.57,0.90,1.18,1.43,1.66,1.88,2.09,2.29,2.49,2.68,2.87,3.06,3.25,3.43,3.62,3.80,3.98,4.17
Zavala, Seby,664874,CWS,145,C,28,R,0.00,0.53,0.87,1.15,1.40,1.63,1.84,2.06,2.26,2.46,2.66,2.85,3.04,3.23,3.42,3.61,3.80,3.99,4.18
Zimmer, Bradley,605548,TOR,141,CF,29,L,0.00,0.54,0.82,1.08,1.30,1.52,1.72,1.91,2.10,2.28,2.46,2.63,2.80,2.97,3.14,3.30,3.47,3.64,3.82
d'Arnaud, Travis,518595,ATL,144,C,33,R,0.00,0.56,0.90,1.18,1.44,1.67,1.90,2.11,2.31,2.51,2.71,2.90,3.09,3.28,3.47,3.66,3.85,4.04,4.25
