PLAYERPLAYER,YEARYEAR,TEAMTEAM,GG,ABAB,RR,HH,2B2B,3B3B,HRHR,RBIRBI,BBBB,SOSO,caret-upcaret-downSBcaret-upcaret-downSB,CSCS,AVGAVG,OBPOBP,SLGSLG,OPSOPS

1HughH NicolNicolX1‌‌‌
1887,CIN,125,475,122,102,18,2,1,34,86,,138,--,.215,.341,.267,.608
2RickeyR HendersonHendersonLF2‌‌‌
1982,OAK,149,536,119,143,24,4,10,51,116,94,130,42,.267,.398,.382,.780
3ArlieA LathamLatham3B3‌‌‌
1887,STL,136,627,163,198,35,10,2,83,45,,129,--,.316,.366,.413,.779
4LouL BrockBrockLF4‌‌‌
1974,STL,153,635,105,194,25,7,3,48,61,88,118,33,.306,.368,.381,.749
5CharlieC ComiskeyComiskey1B5‌‌‌
1887,STL,125,538,139,180,22,5,4,103,27,,117,--,.335,.374,.416,.790
6BillyB HamiltonHamiltonX6‌‌‌
1891,PHI,133,527,141,179,23,7,2,60,102,28,111,--,.340,.453,.421,.874
6BillyB HamiltonHamiltonX6‌‌‌
1889,KC,137,534,144,161,17,12,3,77,87,41,111,--,.301,.413,.395,.808
6JohnJ WardWardSS6‌‌‌
1887,NYG,129,545,114,184,16,5,1,53,29,12,111,--,.338,.375,.391,.766
9VinceV ColemanColemanLF9‌‌‌
1985,STL,151,636,107,170,20,10,1,40,50,115,110,25,.267,.320,.335,.655
10VinceV ColemanColemanLF10‌‌‌
1987,STL,151,623,121,180,14,10,3,43,70,126,109,22,.289,.363,.358,.721
10ArlieA LathamLatham3B10‌‌‌
1888,STL,133,570,119,151,19,5,2,31,43,,109,--,.265,.325,.326,.651
12RickeyR HendersonHendersonLF12‌‌‌
1983,OAK,145,513,105,150,25,7,9,48,103,80,108,19,.292,.414,.421,.835
13VinceV ColemanColemanLF13‌‌‌
1986,STL,154,600,94,139,13,8,0,29,60,98,107,14,.232,.301,.280,.581
14TomT BrownBrownX14‌‌‌
1891,BSR,137,589,177,189,30,21,5,72,70,96,106,--,.321,.397,.469,.866
15MauryM WillsWillsSS15‌‌‌
1962,LA,165,695,130,208,13,10,6,48,51,57,104,13,.299,.347,.373,.720
16PeteP BrowningBrowningX16‌‌‌
1887,LOU,134,547,137,220,35,16,4,118,55,,103,--,.402,.464,.547,1.011
16HughH NicolNicolX16‌‌‌
1888,CIN,135,548,112,131,10,2,1,35,67,,103,--,.239,.330,.270,.600
18JimJ FogartyFogartyX18‌‌‌
1887,PHI,126,495,113,129,26,12,8,50,82,44,102,--,.261,.376,.410,.786
18BillyB HamiltonHamiltonX18‌‌‌
1890,PHI,123,496,133,161,13,9,2,49,83,37,102,--,.325,.430,.399,.829
20RickeyR HendersonHendersonLF20‌‌‌
1980,OAK,158,591,111,179,22,4,9,53,117,54,100,26,.303,.420,.399,.819
21JimJ FogartyFogartyX21‌‌‌
1889,PHI,128,499,107,129,15,17,3,54,65,60,99,--,.259,.352,.375,.727
22BillyB HamiltonHamiltonX22‌‌‌
1894,PHI,129,544,192,220,25,15,4,87,126,17,98,--,.404,.523,.528,1.051
23RonR LeFloreLeFloreLF23‌‌‌
1980,MON,139,521,95,134,21,11,4,39,62,99,97,19,.257,.337,.363,.700
23BillyB HamiltonHamiltonX23‌‌‌
1895,PHI,123,517,166,201,22,6,7,74,96,30,97,--,.389,.490,.495,.985
23HarryH StoveyStoveyX23‌‌‌
1890,BSR,118,481,142,144,25,11,12,84,81,38,97,--,.299,.406,.472,.878

1915,DET,156,563,144,208,31,13,3,99,118,43,96,38,.369,.486,.487,.973
1980,PIT,162,676,87,168,20,13,2,36,57,101,96,33,.249,.306,.325,.631
1888,PHA,136,549,125,155,22,8,1,61,33,,95,--,.282,.355,.357,.712
1887,CIN,129,540,137,156,20,19,2,87,55,,95,--,.289,.360,.407,.767
1965,LA,158,650,92,186,14,7,0,33,40,64,94,31,.286,.330,.329,.659
1887,BAL,136,532,142,160,32,13,3,94,55,,94,--,.301,.375,.427,.802
1988,NYY,140,554,118,169,30,2,6,50,82,54,93,13,.305,.394,.399,.793
1888,STL,131,511,107,140,20,3,1,68,38,,93,--,.274,.328,.331,.659
1889,BRO,136,567,146,170,30,11,5,80,61,76,91,--,.300,.384,.418,.802
1983,MON,156,615,133,183,32,8,11,71,97,70,90,14,.298,.393,.429,.822
1889,KC,136,574,137,158,32,6,3,60,64,63,89,--,.275,.358,.368,.726
1887,STL,131,544,98,151,32,7,3,108,25,,89,--,.278,.322,.379,.701
1887,BAL,140,567,101,142,25,8,4,96,46,,88,--,.250,.318,.344,.662
1892,BRO,148,614,109,163,13,3,1,47,82,19,88,--,.265,.355,.301,.656
1912,WAS,154,601,105,184,19,11,1,79,63,,88,--,.306,.377,.379,.756
1887,PHA,135,585,140,155,18,19,4,61,35,,88,--,.265,.317,.381,.698
1891,CIN,135,533,119,145,20,10,7,53,74,35,87,--,.272,.372,.386,.758
1986,NYY,153,608,130,160,31,5,28,74,89,81,87,18,.263,.358,.469,.827
1888,PHA,130,530,127,152,25,20,9,65,62,,87,--,.287,.365,.460,.825
1896,BAL,131,519,148,189,31,19,8,100,91,19,87,--,.364,.469,.543,1.012
1887,CLE,131,534,122,141,19,4,2,53,53,,86,--,.264,.334,.326,.660
1890,BRO,129,510,148,142,32,7,3,69,85,47,85,--,.278,.385,.386,.771
1891,BSR,127,536,134,180,20,8,9,110,61,29,85,--,.336,.408,.453,.861
1887,BAL,136,524,114,144,15,9,6,84,29,,85,--,.275,.347,.372,.719
1887,PHA,137,536,93,158,23,6,1,63,23,,84,--,.295,.326,.366,.692

1887,BSN,116,484,120,156,34,11,8,63,55,40,84,--,.322,.393,.488,.881
1896,CHI,122,469,114,153,21,16,4,92,65,24,84,--,.326,.414,.465,.879
1890,PHI,117,477,84,123,12,3,1,39,50,27,84,--,.258,.337,.302,.639
1896,BSN,131,524,153,192,24,10,3,55,110,29,83,--,.366,.478,.468,.946
1911,DET,146,591,147,248,47,24,8,127,44,,83,--,.420,.467,.621,1.088
1979,KC,154,588,113,185,18,13,6,49,28,92,83,12,.315,.351,.420,.771
1890,STL,133,548,137,192,28,9,6,69,66,,83,--,.350,.430,.467,.897
1888,CIN,127,527,112,169,28,14,13,103,17,,82,--,.321,.363,.501,.864
1888,WAS,136,503,77,138,10,8,2,29,69,48,82,--,.274,.374,.338,.712
1911,CIN,153,599,106,165,32,10,1,45,102,78,81,--,.275,.385,.367,.752
1910,PHA,153,581,81,188,16,15,3,81,49,,81,--,.324,.382,.418,.800
1988,STL,153,616,77,160,20,10,3,38,49,111,81,27,.260,.313,.339,.652
1986,CIN,132,415,97,115,15,3,27,71,68,100,80,11,.277,.378,.523,.901
1985,NYY,143,547,146,172,28,5,24,72,99,65,80,10,.314,.419,.516,.935
1888,IND,133,500,87,110,20,10,5,50,64,73,80,--,.220,.316,.330,.646
1889,CIN,122,474,82,121,7,8,2,58,54,35,80,--,.255,.338,.316,.654
1980,CIN,144,551,94,167,20,4,3,35,53,68,79,21,.303,.366,.370,.736
1980,KC,161,705,133,230,28,15,3,49,28,81,79,10,.326,.357,.421,.778
1890,BSR,128,543,146,149,23,14,4,61,86,84,79,--,.274,.377,.390,.767
1890,CPI,138,596,161,191,36,16,7,82,59,20,78,--,.320,.384,.470,.854
1982,MON,156,647,90,179,32,8,4,43,75,83,78,16,.277,.353,.369,.722
1892,LOU,153,660,105,150,16,8,2,45,47,94,78,--,.227,.284,.285,.569
1979,DET,148,600,110,180,22,10,9,57,52,95,78,14,.300,.355,.415,.770
1894,BAL,124,512,156,174,18,14,1,92,91,12,78,--,.340,.451,.436,.887
2007,NYM,160,681,119,191,36,12,12,57,77,78,78,21,.280,.354,.421,.775

1992,MON,159,653,99,180,39,6,14,66,42,81,78,13,.276,.322,.418,.740
1975,LA,155,618,108,162,24,6,8,41,91,93,77,12,.262,.358,.359,.717
1983,CWS,141,501,95,142,20,7,3,34,42,36,77,12,.283,.340,.369,.709
1899,BAL,147,536,104,158,18,10,3,75,56,,77,--,.295,.380,.382,.762
1989,OAK,150,541,113,148,26,3,12,57,126,68,77,14,.274,.411,.399,.810
1990,STL,124,497,73,145,18,9,6,39,35,88,77,17,.292,.340,.400,.740
1979,PIT,162,695,110,196,21,12,8,69,51,104,77,21,.282,.333,.381,.714
1890,RCH,119,445,111,109,12,6,3,34,78,,77,--,.245,.374,.319,.693
1909,DET,156,573,116,216,33,10,9,107,48,,76,--,.377,.431,.517,.948
1887,CLE,132,539,97,154,16,13,2,54,60,,76,--,.286,.358,.375,.733
1896,CIN,125,504,91,162,38,12,4,93,33,30,76,--,.321,.368,.468,.836
1890,CHI,139,571,114,159,15,13,13,99,64,44,76,--,.278,.353,.419,.772
1991,MON,148,558,73,149,23,9,6,39,34,89,76,17,.267,.310,.373,.683
1913,WAS,154,579,92,174,18,9,3,54,58,25,75,--,.301,.367,.378,.745
1996,CLE,154,662,132,210,35,4,14,67,61,82,75,17,.317,.372,.446,.818
1914,--,154,571,120,211,44,13,8,95,72,55,75,--,.370,.447,.534,.981
1891,BAL,139,566,136,180,14,15,9,83,71,46,75,--,.318,.398,.443,.841
1887,STL,125,430,102,131,32,4,1,74,92,,75,--,.305,.445,.405,.850
1984,MON,160,622,106,192,38,9,8,60,87,69,75,10,.309,.393,.437,.830
1976,OAK,154,590,91,163,20,5,2,31,73,95,75,29,.276,.356,.337,.693
1887,CIN,134,526,133,140,15,16,8,97,82,,74,--,.266,.369,.401,.770
1997,DET,162,658,112,177,29,7,4,45,66,121,74,18,.269,.334,.353,.687
1966,STL,156,643,94,183,24,12,15,46,31,134,74,18,.285,.320,.429,.749
1894,CHI,133,597,134,197,45,12,5,130,35,23,74,--,.330,.368,.471,.839
1914,NYY,150,548,78,131,23,9,2,47,76,69,74,17,.239,.334,.325,.659

1887,PHA,124,497,125,142,31,12,4,77,56,,74,--,.286,.366,.421,.787
1899,BAL,117,399,140,156,13,3,1,33,124,,73,--,.391,.547,.446,.993
1887,PHA,137,570,128,209,43,14,6,102,47,,73,--,.367,.421,.523,.944
1890,TOL,129,502,74,129,14,11,2,54,25,,73,--,.257,.296,.341,.637
1969,SEA,148,537,78,126,10,2,9,41,95,90,73,18,.235,.349,.311,.660
1896,BAL,118,487,116,165,29,4,1,101,42,15,73,--,.339,.400,.421,.821
1897,CHI,118,479,119,163,24,14,5,83,48,,73,--,.340,.406,.480,.886
1887,NYM,128,486,127,129,15,5,4,45,106,,73,--,.265,.403,.342,.745
1991,ATL,124,401,81,119,10,1,0,26,47,40,72,21,.297,.371,.327,.698
1888,STL,137,576,102,157,22,5,6,83,12,,72,--,.273,.292,.359,.651
1890,BAL,122,464,116,115,25,4,2,45,58,,72,--,.248,.372,.332,.704
1984,PHI,160,701,105,191,36,19,15,69,28,168,72,15,.272,.307,.442,.749
1999,AZ,144,614,111,170,25,10,4,41,52,68,72,13,.277,.332,.370,.702
1888,PIT,120,505,69,119,14,3,0,15,12,36,71,--,.236,.256,.275,.531
1888,BRO,128,527,133,162,31,12,2,53,50,,71,--,.307,.373,.423,.796
1887,LOU,130,559,122,162,22,8,1,66,39,,71,--,.290,.338,.363,.701
1887,BAL,118,495,114,130,16,6,0,65,54,,71,--,.263,.336,.319,.655
1978,PIT,155,515,95,121,15,7,2,33,81,104,71,22,.235,.339,.303,.642
1981,MON,88,313,61,95,13,7,5,37,45,31,71,11,.304,.391,.438,.829
1986,MON,151,580,91,194,35,10,9,62,78,60,70,9,.334,.413,.476,.889
1973,STL,160,650,110,193,29,8,7,63,71,112,70,20,.297,.364,.398,.762
1896,BAL,130,521,125,209,27,9,0,121,19,11,70,--,.401,.472,.488,.960
1984,SD,158,596,106,154,19,7,3,34,75,57,70,21,.258,.342,.329,.671
2004,MIL,154,640,85,156,27,7,12,39,58,105,70,13,.244,.313,.364,.677
1977,PIT,147,544,72,137,20,10,1,29,38,71,70,18,.252,.306,.331,.637

1975,CAL,155,616,70,175,17,13,1,53,43,42,70,14,.284,.331,.359,.690
1887,BRO,136,548,109,144,24,6,1,53,80,,70,--,.263,.363,.334,.697
1985,MON,150,575,115,184,30,13,11,41,81,60,70,9,.320,.405,.475,.880
2009,BOS,153,624,94,188,27,10,8,60,49,74,70,12,.301,.355,.415,.770
1910,CIN,150,589,95,147,20,10,4,48,81,75,70,--,.250,.344,.338,.682
1993,CLE,148,569,116,185,28,8,1,42,81,83,70,14,.325,.408,.408,.816
1889,STL,118,512,110,126,13,3,4,49,42,30,69,--,.246,.317,.307,.624
1887,DET,118,471,79,129,13,7,4,69,30,24,69,--,.274,.320,.357,.677
1897,BAL,131,536,113,189,43,7,4,116,36,,69,--,.353,.404,.481,.885
1916,DET,145,542,113,201,31,10,5,68,78,39,68,24,.371,.452,.493,.945
1982,STL,156,592,120,182,35,8,8,69,64,74,68,26,.307,.381,.434,.815
2010,CWS,160,651,96,179,18,3,1,47,45,47,68,18,.275,.341,.316,.657
1886,PHA,123,489,115,144,28,11,7,59,64,,68,--,.294,.377,.440,.817
2008,COL,133,479,64,120,15,2,1,26,36,79,68,7,.251,.308,.296,.604
1889,BSN,125,507,120,149,41,5,9,78,65,40,68,--,.294,.376,.448,.824
1978,DET,155,666,126,198,30,3,12,62,65,104,68,16,.297,.361,.405,.766
1896,BAL,126,544,153,210,22,13,4,82,37,9,67,--,.386,.432,.496,.928
1912,CIN,145,548,120,154,29,11,4,38,83,61,67,--,.281,.381,.396,.777
1903,CHC,125,441,83,144,24,10,2,81,78,,67,--,.327,.439,.440,.879
1973,CIN,157,576,116,167,35,2,26,82,111,61,67,15,.290,.406,.493,.899
1889,KC,139,560,96,160,24,12,3,87,56,69,67,--,.286,.351,.388,.739
1895,CHI,123,478,120,186,27,16,10,98,55,24,67,--,.389,.456,.575,1.031
1975,CIN,146,498,107,163,27,6,17,94,132,52,67,10,.327,.466,.508,.974
1903,BRO,139,515,99,171,29,9,9,75,75,,67,--,.332,.423,.476,.899
1909,PHA,153,571,104,198,30,10,3,56,62,,67,--,.347,.416,.450,.866

1984,OAK,142,502,113,147,27,4,16,58,86,81,66,18,.293,.399,.458,.857
1893,LOU,122,529,104,127,15,7,5,54,56,63,66,--,.240,.319,.323,.642
1998,OAK,152,542,101,128,16,1,14,57,118,114,66,13,.236,.376,.347,.723
1983,SD,144,503,83,139,20,2,0,22,65,43,66,13,.276,.360,.324,.684
1889,PHA,125,516,134,140,39,6,0,39,67,30,66,--,.271,.375,.370,.745
1996,KC,143,524,80,148,14,4,1,35,39,79,66,22,.282,.334,.330,.664
1887,BRO,134,520,123,134,22,10,1,68,76,,66,--,.258,.365,.344,.709
1894,LOU,129,536,122,136,22,14,9,57,60,73,66,--,.254,.332,.397,.729
1999,NYM,155,453,90,142,23,4,4,36,60,100,66,17,.313,.396,.408,.804
1992,CLE,148,576,96,164,15,8,5,42,68,54,66,12,.285,.362,.365,.727
1897,BSN,127,507,152,174,17,5,3,61,105,,66,--,.343,.461,.414,.875
1892,CIN,152,622,111,148,20,4,0,44,60,55,66,--,.238,.310,.283,.593
1897,NYG,130,519,112,183,31,10,10,136,41,,65,--,.353,.407,.509,.916
1889,STL,137,587,105,168,28,10,3,102,19,19,65,--,.286,.312,.383,.695
1894,CHI,111,442,84,145,16,9,6,90,56,18,65,--,.328,.405,.446,.851
1891,BRO,134,521,106,139,36,9,3,65,57,31,65,--,.267,.340,.388,.728
1989,STL,145,563,94,143,21,9,2,28,50,90,65,10,.254,.316,.334,.650
1990,OAK,136,489,119,159,33,3,28,61,97,60,65,10,.325,.439,.577,1.016
1910,DET,140,509,106,196,36,13,8,91,64,,65,--,.385,.458,.554,1.012
1988,HOU,149,576,79,148,21,9,0,37,66,66,65,27,.257,.334,.325,.659
2003,FLA,162,668,100,204,28,7,1,41,55,35,65,20,.305,.361,.373,.734
1890,PBU,118,472,106,131,16,6,1,44,80,24,65,--,.278,.389,.343,.732
1889,BRO,138,560,139,149,18,3,2,73,80,41,65,--,.266,.365,.320,.685
1971,STL,157,640,126,200,37,7,7,61,76,107,64,19,.313,.385,.425,.810
2006,NYM,153,647,122,194,30,17,19,81,53,81,64,17,.300,.354,.487,.841

2007,LAD,162,668,96,196,24,8,0,41,33,37,64,15,.293,.331,.353,.684
2014,LAD,148,609,92,176,24,12,2,34,31,107,64,19,.289,.326,.378,.704
1897,BAL,129,564,145,239,27,19,0,74,35,,64,--,.424,.464,.539,1.003
1888,CHI,135,517,90,129,22,10,8,57,32,38,64,--,.250,.297,.377,.674
1888,CLE,120,470,73,124,10,2,0,51,12,,64,--,.264,.312,.294,.606
1990,HOU,142,511,69,130,9,5,1,28,39,87,64,25,.254,.305,.297,.602
1965,STL,155,631,107,182,35,8,16,69,45,116,63,27,.288,.345,.445,.790
1889,PHA,137,556,152,171,38,13,19,119,77,68,63,--,.308,.393,.525,.918
1920,WAS,153,624,83,211,29,9,3,80,39,23,63,30,.338,.381,.428,.809
1889,CIN,135,540,109,145,25,7,5,57,60,29,63,--,.269,.346,.369,.715
1980,MON,154,567,84,127,13,13,0,46,70,75,63,13,.224,.307,.293,.600
1889,BSN,90,362,93,84,10,5,2,24,59,56,63,--,.232,.341,.304,.645
1890,BKW,128,561,134,188,15,12,4,60,51,22,63,--,.335,.393,.426,.819
1976,LA,117,427,72,103,17,7,4,20,56,49,63,10,.241,.333,.342,.675
1912,PHA,153,543,137,189,25,11,0,64,101,,63,--,.348,.450,.435,.885
1916,PIT,154,599,90,158,23,11,7,42,59,58,63,19,.264,.337,.374,.711
1972,STL,153,621,81,193,26,8,3,42,47,93,63,18,.311,.359,.393,.752
1889,BAL,134,527,103,196,22,11,5,99,42,26,63,--,.372,.450,.484,.934
2000,FLA,136,539,101,180,17,3,2,17,78,86,62,22,.334,.418,.388,.806
1968,OAK,159,642,87,177,25,9,4,38,50,69,62,22,.276,.330,.361,.691
2016,MIL,156,589,92,168,38,3,19,63,79,174,62,18,.285,.369,.457,.826
2005,LAA,158,642,113,186,25,10,8,57,64,101,62,17,.290,.352,.397,.749
1997,MIN,156,611,117,178,26,10,9,58,84,84,62,10,.291,.390,.411,.801
1914,NYG,154,561,100,170,35,10,3,60,89,53,62,--,.303,.403,.417,.820
1890,LOU,118,489,93,116,16,9,1,49,37,4,62,--,.237,.292,.313,.605

1969,OAK,135,547,71,142,15,2,2,25,30,62,62,8,.260,.302,.305,.607
1890,LOU,133,493,87,126,16,11,1,82,62,,62,--,.256,.348,.339,.687
1897,BAL,114,460,91,163,29,4,2,87,29,,62,--,.354,.394,.448,.842
1887,IND,122,483,91,142,18,7,0,40,41,8,62,--,.294,.361,.360,.721
1913,WAS,153,589,88,139,15,10,5,42,72,103,62,--,.236,.322,.321,.643
1889,NYG,114,479,87,143,13,4,1,67,27,7,62,--,.299,.339,.349,.688
1968,STL,159,660,92,184,46,14,6,51,46,124,62,12,.279,.328,.418,.746
1907,PIT,142,515,98,180,38,14,6,82,46,,61,--,.350,.408,.513,.921
1943,WAS,141,613,102,180,36,5,1,52,41,27,61,14,.294,.341,.374,.715
1895,BAL,96,388,110,143,13,6,2,48,60,9,61,--,.369,.459,.448,.907
1980,CLE,132,528,82,180,30,9,0,40,28,45,61,18,.341,.375,.432,.807
1889,CIN,135,496,110,125,21,11,7,70,69,62,61,--,.252,.350,.381,.731
1931,NYY,149,600,120,189,28,11,17,122,75,77,61,23,.315,.396,.483,.879
1894,PIT,131,522,148,185,39,20,13,121,75,13,61,--,.354,.441,.580,1.021
1980,SD,158,642,91,193,26,8,4,41,61,73,61,16,.301,.363,.385,.748
2011,ATL,158,656,94,193,34,10,2,50,53,140,61,14,.294,.349,.386,.735
1911,NYG,149,565,96,158,19,10,3,50,81,69,61,--,.280,.376,.365,.741
1912,DET,140,553,119,227,30,23,7,83,43,,61,--,.410,.458,.586,1.044
1977,HOU,141,530,92,148,36,8,14,71,47,50,61,14,.279,.346,.457,.803
1913,PIT,154,620,99,172,23,10,5,49,55,67,61,--,.277,.339,.371,.710
2009,HOU,157,606,97,173,27,12,3,35,63,140,61,12,.285,.354,.384,.738
1982,PIT,158,645,82,158,18,9,3,44,44,121,60,26,.245,.292,.315,.607
1976,CIN,141,472,113,151,30,5,27,111,114,41,60,9,.320,.444,.576,1.020
1984,TOR,128,441,59,136,24,15,2,44,33,41,60,14,.308,.366,.444,.810
1994,CLE,112,459,105,160,32,9,12,57,52,56,60,12,.349,.412,.536,.948

1888,CHI,129,549,115,182,33,10,16,64,35,50,60,--,.332,.377,.515,.892
1890,STL,130,526,118,146,9,9,1,40,73,,60,--,.278,.377,.335,.712
1889,COL,136,578,105,148,22,8,3,70,38,65,60,--,.256,.303,.337,.640
1987,SEA,160,530,73,146,31,8,1,35,39,34,60,20,.275,.325,.370,.695
2017,MIA,158,653,114,201,20,9,2,33,25,93,60,16,.308,.341,.375,.716
1897,BAL,117,439,133,156,26,9,2,79,42,,60,--,.355,.463,.469,.932
2009,TB,156,606,96,185,28,8,15,68,51,99,60,16,.305,.364,.452,.816
1892,CHI,143,581,114,170,23,19,5,58,45,56,60,--,.293,.349,.423,.772
1892,WAS,152,593,108,167,19,8,3,75,86,23,60,--,.282,.376,.356,.732
1997,PIT,155,641,85,178,26,9,6,50,43,109,60,7,.278,.326,.374,.700
1891,BSN,139,577,129,163,21,12,9,75,80,51,60,--,.282,.377,.407,.784
2005,NYM,161,696,99,190,24,17,7,58,27,78,60,15,.273,.300,.386,.686
1886,STL,134,578,152,174,23,8,1,47,55,,60,--,.301,.368,.374,.742
1888,CLE,127,493,80,115,13,6,1,33,50,,60,--,.233,.311,.290,.601
1997,LA,145,576,84,153,18,3,2,44,65,78,59,12,.266,.337,.318,.655
1978,SEA,147,550,77,129,14,1,1,25,69,66,59,10,.235,.319,.269,.588
1987,KC,146,610,97,170,18,15,4,30,32,88,59,11,.279,.320,.377,.697
2005,CWS,129,507,80,147,28,1,0,25,47,75,59,23,.290,.351,.349,.700
1893,STL,132,581,114,164,18,7,1,54,49,23,59,--,.282,.340,.343,.683
1974,LA,145,530,95,141,26,3,10,35,66,71,59,18,.266,.350,.383,.733
1983,KC,137,576,90,159,22,8,2,33,33,75,59,8,.276,.316,.352,.668
1888,CIN,136,551,68,147,14,5,3,67,5,,59,--,.267,.280,.327,.607
1887,BRO,138,580,133,155,26,6,3,69,61,,59,--,.267,.343,.348,.691
1891,STL,141,567,136,165,14,5,5,66,119,25,59,--,.291,.424,.360,.784
2004,TB,152,626,104,185,26,19,11,55,35,81,59,15,.296,.331,.450,.781

1905,NYG,153,525,74,129,14,7,2,61,66,,59,--,.246,.344,.310,.654
1886,STL,138,563,114,158,31,13,2,95,29,,59,--,.281,.332,.393,.725
1890,TOL,128,498,113,147,22,20,6,72,78,,59,--,.295,.404,.456,.860
2017,CIN,139,582,85,144,17,11,4,38,44,133,59,13,.247,.299,.335,.634
1894,CIN,129,524,129,164,23,6,4,60,60,24,59,--,.313,.393,.403,.796
1905,CHC,145,558,78,145,17,14,2,56,43,,59,--,.260,.325,.351,.676
1993,FLA,142,551,75,147,19,2,4,41,49,74,58,22,.267,.327,.330,.657
1979,SF,142,460,87,119,15,4,5,30,96,84,58,24,.259,.386,.341,.727
1972,CIN,149,552,122,161,23,4,16,73,115,44,58,17,.292,.417,.435,.852
1976,PIT,144,519,76,134,8,6,0,24,44,79,58,11,.258,.321,.297,.618
2015,MIA,145,615,88,205,24,8,4,46,25,91,58,20,.333,.359,.418,.777
1914,PHA,152,526,122,181,23,14,2,85,97,31,58,30,.344,.452,.452,.904
2016,CIN,119,411,69,107,19,3,3,17,36,93,58,8,.260,.321,.343,.664
1982,NYM,159,639,90,178,25,9,5,55,32,102,58,16,.279,.314,.369,.683
1991,OAK,134,470,105,126,17,1,18,57,98,73,58,18,.268,.400,.423,.823
2006,TB,151,600,89,183,20,16,18,77,37,85,58,9,.305,.348,.482,.830
1998,PIT,159,655,85,185,26,7,3,45,38,94,58,8,.282,.319,.357,.676
1974,CIN,149,512,107,150,31,3,22,67,120,69,58,12,.293,.427,.494,.921
1976,HOU,150,575,89,171,26,5,18,83,55,51,58,15,.297,.357,.454,.811
1887,BAL,140,551,122,188,33,19,9,99,63,,58,--,.341,.414,.519,.933
1918,PIT,126,468,70,128,14,6,3,48,62,25,58,--,.274,.363,.348,.711
1898,PHI,144,548,115,183,36,9,4,92,77,,58,--,.334,.426,.454,.880
1976,DET,135,544,93,172,23,8,4,39,51,111,58,20,.316,.376,.410,.786
1911,WAS,154,616,109,194,24,8,3,35,74,,58,--,.315,.395,.394,.789
1888,PHI,121,454,72,107,14,6,1,35,53,66,58,--,.236,.325,.300,.625

1889,KC,132,506,68,103,16,7,3,68,54,61,58,--,.204,.297,.281,.578
2006,CHC,162,699,87,204,32,13,3,40,32,38,58,20,.292,.330,.388,.718
1910,NYG,149,553,78,153,27,8,4,87,52,51,57,--,.277,.345,.376,.721
1892,BRO,122,490,72,119,14,5,1,56,29,52,57,--,.243,.289,.298,.587
1896,PIT,114,479,104,173,26,14,2,82,32,13,57,--,.361,.410,.486,.896
1906,CHC,136,474,103,151,24,10,3,71,70,,57,--,.319,.419,.430,.849
1970,CIN,152,589,112,186,34,6,16,80,62,94,57,20,.316,.384,.475,.859
2005,FLA,162,656,96,181,19,13,2,47,41,45,57,17,.276,.326,.354,.680
1897,LOU,128,518,120,202,30,13,6,67,45,,57,--,.390,.462,.533,.995
1890,TOL,134,485,72,117,13,5,1,49,76,,57,--,.241,.350,.295,.645
1887,PHI,104,464,110,151,19,7,4,67,21,21,57,--,.325,.359,.422,.781
1913,BSN,140,524,74,143,20,1,2,50,38,48,57,--,.273,.333,.326,.659
1905,PIT,147,548,114,199,32,14,6,101,54,,57,--,.363,.427,.505,.932
1980,SD,158,609,67,140,18,5,0,35,71,49,57,15,.230,.313,.276,.589
1964,BAL,146,578,93,154,20,3,10,37,49,51,57,17,.266,.324,.363,.687
1892,PHI,139,554,132,183,21,7,3,53,81,29,57,--,.330,.423,.410,.833
1974,HOU,160,610,95,164,29,5,26,102,64,103,57,17,.269,.338,.461,.799
1889,IND,134,582,128,205,40,3,7,85,31,10,57,--,.352,.390,.467,.857
1890,COL,135,485,86,107,5,4,1,62,96,,57,--,.221,.357,.254,.611
2015,CIN,114,412,56,93,8,3,4,28,28,75,57,8,.226,.274,.289,.563
1892,BSN,151,646,115,181,33,6,6,78,44,36,57,--,.280,.334,.378,.712
1988,STL,153,575,80,155,27,1,3,51,74,43,57,9,.270,.350,.336,.686
1889,STL,140,604,136,176,24,7,2,63,46,26,57,--,.291,.348,.364,.712
1891,BSN,134,544,118,152,31,20,16,95,79,69,57,--,.279,.373,.498,.871
1983,CWS,160,515,71,130,19,5,3,52,49,66,57,12,.252,.318,.326,.644

1887,CHI,123,479,95,133,21,6,16,89,34,20,57,--,.278,.327,.447,.774
1893,CIN,127,531,101,150,18,6,2,49,62,20,57,--,.282,.368,.350,.718
1891,BRO,105,441,85,122,13,5,0,39,36,10,57,--,.277,.335,.329,.664
1985,STL,152,612,114,216,26,18,10,82,34,86,56,16,.353,.384,.503,.887
2001,SEA,157,692,127,242,34,8,8,69,30,53,56,14,.350,.381,.457,.838
1943,CWS,150,599,82,147,22,12,3,48,55,47,56,14,.245,.310,.337,.647
2014,CIN,152,563,72,141,25,8,6,48,34,117,56,23,.250,.292,.355,.647
1977,SD,146,525,79,152,16,11,5,32,60,80,56,12,.290,.363,.390,.753
2008,NYM,159,688,113,204,37,19,16,68,66,82,56,15,.297,.358,.475,.833
1890,NYG,133,553,132,168,25,21,13,59,68,53,56,--,.304,.385,.495,.880
1890,SYR,126,493,109,170,33,14,2,89,72,,56,--,.345,.434,.481,.915
1973,HOU,139,525,86,168,35,2,25,70,41,79,56,15,.320,.376,.537,.913
2014,HOU,158,660,85,225,47,3,7,59,36,53,56,9,.341,.377,.453,.830
1983,LA,155,623,94,175,18,5,5,41,58,73,56,30,.281,.342,.350,.692
1959,CWS,152,612,98,157,18,5,6,51,53,40,56,13,.257,.316,.332,.648
1995,FLA,124,440,86,115,20,7,5,32,80,68,56,21,.261,.384,.373,.757
1888,BSN,107,440,85,140,22,11,9,71,31,39,56,--,.318,.368,.480,.848
1886,PHI,107,437,93,109,15,4,2,28,31,35,56,--,.249,--,.316,--
1889,BAL,138,567,122,178,24,7,3,64,42,37,56,--,.314,.369,.397,.766
1987,SD,157,589,119,218,36,13,7,54,82,35,56,12,.370,.447,.511,.958
1889,KC,134,579,103,176,23,11,5,97,20,68,56,--,.304,.335,.408,.743
1997,CIN,115,465,53,127,13,7,5,23,34,67,56,13,.273,.329,.363,.692
1985,CAL,125,443,67,114,10,8,1,32,62,125,56,9,.257,.347,.323,.670
1975,STL,136,528,78,163,27,6,3,47,38,64,56,16,.309,.359,.400,.759
1981,OAK,108,423,89,135,18,7,6,35,64,68,56,22,.319,.408,.437,.845

1976,STL,133,498,73,150,24,5,4,67,35,75,56,19,.301,.344,.394,.738
1991,MON,151,563,83,134,15,4,10,51,95,151,56,23,.238,.347,.332,.679
1888,STL,134,455,111,105,17,6,3,53,116,,56,--,.231,.400,.314,.714
1892,PIT,130,551,106,153,18,6,2,38,31,29,56,--,.278,.322,.343,.665
1913,PHA,148,534,125,184,23,13,3,73,85,37,55,--,.345,.441,.453,.894
1899,STL,146,591,109,194,21,14,2,82,34,,55,--,.328,.368,.421,.789
1993,TOR,153,589,109,192,35,6,17,93,80,67,55,15,.326,.408,.492,.900
1890,RCH,123,491,83,138,12,8,5,84,59,,55,--,.281,.359,.369,.728
1967,KCA,147,601,85,149,29,6,3,32,36,82,55,16,.248,.297,.331,.628
1888,KC,130,516,94,127,12,10,4,41,67,,55,--,.246,.345,.331,.676
2001,DET,131,523,79,153,14,11,6,48,36,83,55,15,.293,.337,.396,.733
2003,TB,151,630,80,177,18,9,5,54,26,102,55,10,.281,.309,.362,.671
1890,CIN,132,528,125,135,16,22,3,39,82,26,55,--,.256,.362,.386,.748
1891,BSR,133,456,102,118,11,5,0,65,96,36,55,--,.259,.393,.305,.698
1888,BRO,136,532,105,149,27,6,2,65,30,61,55,--,.280,.327,.365,.692
1917,DET,152,588,107,225,44,24,6,102,61,34,55,--,.383,.444,.570,1.014
1972,HOU,139,559,103,179,39,8,22,82,56,62,55,21,.320,.385,.537,.922
1944,NYY,154,643,125,205,35,16,8,43,73,87,55,11,.319,.389,.460,.849
1906,PHI,154,563,77,159,36,8,6,67,52,,55,--,.282,.348,.407,.755
1892,BAL,148,611,115,179,22,14,7,62,76,34,55,--,.293,.373,.409,.782
1915,--,136,483,92,165,23,11,12,83,85,50,55,--,.342,.446,.509,.955
1993,CAL,152,576,75,156,17,6,1,32,48,53,55,24,.271,.328,.326,.654
1997,STL,150,572,92,169,26,14,11,58,55,72,55,14,.295,.357,.448,.805
1890,TOL,94,381,71,102,16,10,1,36,51,,55,--,.268,.359,.370,.729
2000,LA,147,528,94,139,11,9,6,58,68,117,55,10,.263,.346,.352,.698

1898,BSN,110,417,110,154,16,5,3,50,87,,54,--,.369,.480,.453,.933
1973,BOS,147,566,92,159,23,3,17,71,61,93,54,14,.281,.351,.422,.773
1995,CLE,118,481,93,149,22,13,7,53,40,49,54,15,.310,.362,.453,.815
1891,PIT,119,455,87,121,12,8,0,60,48,30,54,--,.266,.341,.327,.668
1982,TOR,147,597,89,185,32,3,5,42,21,44,54,20,.310,.338,.399,.737
2000,CHC,153,607,98,180,40,2,6,47,63,39,54,7,.297,.367,.399,.766
1998,CLE,154,600,101,169,31,6,12,64,87,80,54,10,.282,.371,.413,.784
1909,CIN,124,446,73,107,17,6,1,34,56,,54,--,.240,.335,.312,.647
1890,NYG,124,512,91,172,32,9,1,66,41,8,54,--,.336,.395,.439,.834
1895,BAL,131,518,148,189,26,19,10,134,77,29,54,--,.365,.456,.546,1.002
1976,OAK,149,536,67,137,14,1,1,52,63,80,54,12,.256,.331,.291,.622
1893,NYG,135,537,122,150,23,10,9,80,51,32,54,--,.279,.369,.410,.779
1906,NYG,148,498,76,149,23,8,2,65,74,,54,--,.299,.396,.390,.786
1992,MIL,149,579,93,168,19,6,1,47,55,124,54,18,.290,.352,.349,.701
1996,TOR,125,496,87,142,15,1,1,29,71,68,54,13,.286,.377,.327,.704
1985,CHC,153,609,113,186,31,6,26,83,57,97,54,11,.305,.364,.504,.868
1983,NYM,152,638,91,176,25,6,7,51,18,103,54,16,.276,.300,.367,.667
1888,CIN,111,458,88,110,12,10,4,51,43,,54,--,.240,.312,.336,.648
1891,BSR,139,514,96,111,15,4,0,46,63,34,54,--,.216,.309,.261,.570
1974,OAK,149,543,79,141,20,5,4,33,69,86,54,26,.260,.347,.337,.684
1906,PIT,143,516,103,175,38,9,2,71,58,,53,--,.339,.416,.459,.875
1904,PIT,133,490,97,171,44,14,4,75,59,,53,--,.349,.423,.520,.943
1996,COL,141,568,113,184,23,4,8,74,47,31,53,19,.324,.393,.421,.814
1977,PIT,150,492,69,118,19,9,7,34,38,102,53,16,.240,.295,.358,.653
1991,TOR,161,637,88,188,41,11,9,69,57,86,53,11,.295,.354,.436,.790

1889,PIT,116,461,81,110,14,10,2,37,58,25,53,--,.239,.326,.325,.651
1908,PIT,151,568,100,201,39,19,10,109,54,,53,--,.354,.415,.542,.957
1961,CWS,156,625,90,170,24,4,6,45,38,33,53,13,.272,.313,.352,.665
1895,PIT,129,514,114,192,38,13,7,97,57,25,53,--,.374,.447,.539,.986
1891,NYG,134,542,111,166,30,12,16,73,69,32,53,--,.306,.388,.494,.882
1964,LA,158,630,81,173,15,5,2,34,41,73,53,17,.275,.318,.324,.642
1895,BAL,131,529,159,204,41,7,4,125,24,17,53,--,.386,.444,.512,.956
1909,DET,157,532,114,145,18,2,0,33,88,,53,--,.273,.380,.314,.694
1969,STL,157,655,97,195,33,10,12,47,50,115,53,14,.298,.349,.434,.783
1888,NYG,103,415,83,127,18,15,6,58,24,28,53,--,.306,.348,.465,.813
1896,CIN,122,521,120,177,24,9,1,52,41,29,53,--,.340,.392,.426,.818
1886,CHI,118,451,155,175,32,11,4,79,83,33,53,--,.388,--,.534,--
1917,CWS,156,564,91,163,18,12,0,67,89,16,53,--,.289,.389,.363,.752
1977,KC,154,497,72,130,26,6,5,60,41,84,53,13,.262,.320,.368,.688
1892,BSN,152,603,119,146,19,5,4,63,93,29,53,--,.242,.347,.310,.657
1987,HOU,141,564,96,167,28,3,11,63,42,70,53,9,.296,.352,.415,.767
1985,PHI,161,663,101,175,31,13,19,74,33,141,53,19,.264,.303,.436,.739
1992,BAL,159,623,100,169,28,10,21,80,98,98,53,16,.271,.373,.449,.822
1993,TOR,134,481,114,139,22,2,21,59,120,65,53,8,.289,.432,.474,.906
1993,MON,157,630,104,188,27,2,19,95,52,76,53,10,.298,.351,.438,.789
1973,OAK,146,554,98,158,10,5,5,34,78,89,53,20,.285,.376,.348,.724
1890,TOL,126,462,106,151,23,11,3,64,80,,53,--,.327,.444,.444,.888
1968,PIT,153,627,76,174,12,6,0,31,45,57,52,21,.278,.326,.316,.642
1888,CLE,131,548,94,164,21,15,6,68,28,,52,--,.299,.340,.425,.765
1987,CWS,130,475,78,112,26,6,12,48,69,90,52,11,.236,.328,.392,.720

1980,SD,160,564,61,168,24,3,4,59,49,90,52,5,.298,.352,.372,.724
1990,PIT,151,519,104,156,32,3,33,114,93,83,52,13,.301,.406,.565,.971
1912,BOS,153,580,136,222,53,12,10,90,82,,52,--,.383,.464,.567,1.031
1888,NYG,113,443,75,130,16,8,9,52,42,42,52,--,.293,.364,.427,.791
1917,CLE,156,563,98,170,28,13,2,36,61,65,52,--,.302,.370,.409,.779
1984,CLE,159,602,108,162,25,9,3,49,86,62,52,22,.269,.361,.355,.716
1976,OAK,157,595,85,147,25,1,15,68,58,72,52,12,.247,.329,.368,.697
1985,KC,148,544,92,140,25,6,6,48,56,89,52,13,.257,.332,.358,.690
2006,LAA,155,604,93,161,23,8,9,62,65,100,52,16,.267,.336,.376,.712
2003,DET,144,557,58,160,23,8,1,32,25,74,52,24,.287,.319,.363,.682
1966,KCA,142,573,82,153,29,10,5,42,25,72,52,10,.267,.302,.379,.681
1889,CHI,136,584,144,182,21,7,12,89,46,30,52,--,.312,.364,.416,.780
1888,BAL,135,514,61,107,14,8,1,53,20,,52,--,.208,.249,.272,.521
1978,TEX,157,539,78,135,17,4,9,57,63,91,52,14,.250,.331,.347,.678
1972,OAK,149,625,85,150,25,2,8,32,32,88,52,14,.240,.278,.325,.603
1891,COL,136,498,82,114,15,1,0,39,78,55,52,--,.229,.336,.263,.599
1920,PIT,130,485,74,140,18,4,1,35,59,31,52,10,.289,.369,.348,.717
1967,STL,159,689,113,206,32,12,21,76,24,109,52,18,.299,.327,.472,.799
2010,HOU,141,535,84,142,25,6,2,38,59,109,52,12,.265,.341,.346,.687
1971,KC,147,555,80,167,26,4,15,79,40,74,52,8,.301,.345,.443,.788
2013,BOS,134,577,92,172,31,8,9,53,47,92,52,4,.298,.355,.426,.781
1887,BSN,127,507,87,131,13,20,5,77,16,35,52,--,.258,.281,.393,.674
1901,CWS,137,556,93,143,15,8,3,70,36,,52,--,.257,.311,.329,.640
1890,CPI,93,378,82,90,13,4,1,35,45,40,52,--,.238,.326,.302,.628
1905,NYG,150,551,81,154,27,17,5,108,56,,52,--,.279,.351,.417,.768

1894,BRO,123,492,135,168,22,10,8,82,77,42,51,--,.341,.436,.476,.912
1917,CLE,145,495,69,141,30,9,1,72,52,73,51,--,.285,.355,.388,.743
2006,FLA,158,633,119,185,46,11,17,59,56,128,51,15,.292,.353,.480,.833
1992,CAL,149,577,83,165,17,4,0,35,45,64,51,21,.286,.337,.329,.666
1911,NYG,151,534,83,157,27,10,1,77,72,59,51,--,.294,.393,.388,.781
1965,KCA,144,578,67,156,23,12,6,42,41,71,51,19,.270,.326,.382,.708
1999,LA,119,456,73,128,24,2,2,41,63,26,51,22,.281,.371,.355,.726
1910,CIN,144,506,63,152,21,5,2,46,70,60,51,--,.300,.389,.374,.763
1922,SLB,142,586,134,246,42,18,8,105,49,14,51,19,.420,.467,.594,1.061
1939,WAS,128,530,103,160,20,7,2,35,56,36,51,17,.302,.369,.377,.746
1976,KC,144,432,58,104,19,3,1,43,50,63,51,15,.241,.318,.306,.624
1998,TOR,144,516,90,144,29,3,12,55,67,77,51,18,.279,.377,.417,.794
1915,NYY,136,530,77,149,16,6,4,46,48,35,51,12,.281,.342,.357,.699
1972,TEX,145,499,68,113,16,3,2,28,67,81,51,17,.226,.324,.283,.607
1896,CHI,125,474,137,167,30,19,9,74,64,36,51,--,.352,.438,.553,.991
1892,BSN,147,612,125,184,28,12,5,81,60,37,51,--,.301,.364,.410,.774
1886,STL,133,481,89,132,26,9,3,71,64,,51,--,.274,.377,.385,.762
1995,CIN,131,496,98,158,29,6,15,66,61,49,51,5,.319,.394,.492,.886
1960,CWS,153,600,86,166,20,7,2,61,43,39,51,8,.277,.323,.343,.666
1991,CWS,155,609,102,163,20,6,5,50,83,68,51,15,.268,.359,.345,.704
1890,BSR,89,340,83,111,18,6,4,66,52,22,51,--,.326,.419,.450,.869
1966,CWS,163,607,85,148,26,7,8,52,69,71,51,22,.244,.323,.349,.672
1891,CLE,136,565,97,135,16,11,1,61,49,47,51,--,.239,.305,.312,.617
1922,PIT,155,629,140,207,28,12,10,70,80,26,51,2,.329,.408,.459,.867
1923,PIT,153,610,120,188,32,19,6,63,73,28,51,8,.308,.388,.452,.840

2007,FLA,154,639,125,212,48,6,29,81,52,95,51,14,.332,.386,.562,.948
1990,SF,160,622,108,192,20,9,3,44,90,62,51,19,.309,.397,.384,.781
1913,DET,122,428,70,167,18,16,4,67,58,31,51,--,.390,.467,.535,1.002
1888,BRO,143,575,134,156,18,8,4,52,66,,51,--,.271,.358,.351,.709
1970,STL,155,664,114,202,29,5,13,57,60,99,51,15,.304,.361,.422,.783
1890,PHQ,132,584,127,189,21,21,10,90,40,30,51,--,.324,.371,.483,.854
1896,CIN,121,443,120,132,23,7,4,57,65,13,50,--,.298,.403,.409,.812
1895,CIN,107,429,93,119,21,12,3,55,52,8,50,--,.277,.363,.403,.766
1887,CHI,126,508,117,145,23,10,11,74,53,19,50,--,.285,.360,.435,.795
2010,OAK,143,525,66,149,28,3,5,52,26,78,50,11,.284,.320,.377,.697
1984,STL,145,504,77,126,20,4,6,49,70,90,50,13,.250,.349,.341,.690
1986,CWS,137,438,65,103,16,3,2,32,71,61,50,17,.235,.349,.299,.648
1998,HOU,160,646,123,210,51,2,20,88,64,113,50,8,.325,.403,.503,.906
1886,DET,126,494,105,116,6,6,4,60,57,39,50,--,.235,--,.296,--
1890,CIN,131,518,93,140,18,14,4,75,49,36,50,--,.270,.341,.382,.723
1897,NYG,129,564,117,186,22,9,3,64,40,,50,--,.330,.375,.417,.792
1895,WAS,122,472,95,156,34,17,3,90,54,41,50,--,.331,.400,.494,.894
2007,TB,143,584,93,184,37,9,11,80,32,112,50,10,.315,.355,.466,.821
1997,TEX,150,574,90,149,26,6,2,39,44,88,50,16,.260,.314,.336,.650
2007,BAL,156,621,103,180,42,5,12,57,89,99,50,7,.290,.377,.432,.809
1887,CIN,134,551,106,170,35,14,10,96,22,,50,--,.309,.352,.477,.829
1974,MON,113,319,60,76,10,1,0,20,44,50,50,7,.238,.334,.276,.610
1999,FLA,128,487,76,147,23,4,0,28,67,85,50,17,.302,.384,.366,.750
1960,LA,148,516,75,152,15,2,0,27,35,47,50,12,.295,.342,.331,.673
1978,OAK,135,258,34,59,8,0,1,14,23,30,50,23,.229,.294,.271,.565

2008,BOS,145,554,98,155,22,7,9,47,41,80,50,11,.280,.336,.394,.730
1996,NYM,160,682,117,227,31,21,9,69,33,40,50,12,.333,.362,.479,.841
1987,CIN,129,474,120,139,23,4,37,100,84,134,50,6,.293,.399,.593,.992
1994,KC,104,438,61,105,14,12,2,33,29,72,50,8,.240,.285,.340,.625
1995,KC,133,480,72,138,16,3,4,28,38,72,50,18,.288,.346,.358,.704
1995,TEX,139,589,87,174,21,2,0,45,58,85,50,21,.295,.357,.338,.695
1987,MON,139,530,123,175,34,8,18,68,90,52,50,5,.330,.429,.526,.955
1891,BAL,132,514,122,138,22,10,3,55,77,42,50,--,.268,.400,.368,.768
1990,MON,119,231,46,58,6,2,1,20,28,33,50,13,.251,.331,.307,.638
1975,HOU,131,500,93,144,31,3,13,63,62,52,50,17,.288,.371,.440,.811
1986,CAL,154,539,93,139,23,4,5,58,69,132,50,13,.258,.339,.343,.682
2007,AZ,160,626,103,179,30,8,21,83,57,98,50,7,.286,.353,.460,.813
1899,BAL,138,553,80,177,31,7,4,66,39,,50,--,.320,.381,.423,.804
1891,COL,138,519,110,127,19,13,0,46,103,47,50,--,.245,.379,.331,.710
1892,WAS,144,584,94,142,9,10,1,50,34,49,49,--,.243,.286,.298,.584
2006,SD,129,499,80,146,18,13,2,44,51,61,49,6,.293,.360,.393,.753
1907,DET,150,605,97,212,28,14,5,119,24,,49,--,.350,.380,.468,.848
1977,CIN,153,521,113,150,21,6,22,78,117,58,49,10,.288,.417,.478,.895
1899,LOU,148,602,122,206,23,9,5,70,49,,49,--,.342,.406,.435,.841
1992,TOR,152,571,105,177,27,8,8,76,87,52,49,9,.310,.405,.427,.832
1898,BAL,151,567,93,186,19,2,0,86,52,,49,--,.328,.394,.369,.763
2011,OAK,136,531,69,140,27,5,8,54,41,65,49,9,.264,.314,.379,.693
1944,WAS,119,464,63,116,14,2,2,32,49,22,49,18,.250,.326,.302,.628
1887,NYM,127,522,97,157,30,13,5,73,40,42,49,--,.301,.355,.437,.792
1969,HOU,147,535,94,126,18,5,15,43,110,74,49,14,.236,.365,.372,.737

1971,KC,147,591,86,158,21,11,6,36,44,80,49,14,.267,.323,.371,.694
1892,BRO,129,452,103,125,17,11,3,66,68,36,49,--,.277,.376,.383,.759
1887,STL,98,364,102,130,23,11,8,73,66,,49,--,.357,.463,.547,1.010
2012,LAA,139,559,129,182,27,8,30,83,67,139,49,5,.326,.399,.564,.963
1887,BAL,130,485,81,150,23,19,8,109,28,,49,--,.309,.353,.485,.838
1890,BSN,101,431,95,108,15,3,8,52,40,34,49,--,.251,.320,.355,.675
2014,PHI,151,601,71,184,13,7,2,28,13,49,49,8,.306,.325,.361,.686
1910,CWS,136,498,57,108,9,2,0,31,62,,49,--,.217,.305,.243,.548
1910,DET,142,496,90,130,13,4,3,34,78,,49,--,.262,.365,.323,.688
1887,LOU,112,476,101,140,18,19,5,57,38,,49,--,.294,.349,.443,.792
1966,HOU,150,596,80,174,6,5,3,25,42,53,49,14,.292,.341,.334,.675
1906,CHC,154,533,65,136,17,6,1,51,36,,49,--,.255,.305,.315,.620
1896,WAS,127,487,100,148,17,13,5,100,76,28,49,--,.304,.405,.423,.828
1990,MON,130,457,65,131,11,5,9,62,70,43,49,16,.287,.379,.392,.771
1888,IND,118,452,45,99,15,2,0,30,5,21,49,--,.219,.231,.261,.492
1887,LOU,136,533,90,152,21,13,7,99,38,,49,--,.285,.336,.413,.749
1911,NYG,149,541,80,153,24,10,12,84,43,60,49,--,.283,.342,.431,.773
1910,PHI,154,519,110,172,39,17,6,123,94,36,49,--,.331,.445,.507,.952
1921,NYG,153,618,121,211,31,17,8,100,42,28,49,13,.341,.384,.485,.869
2011,NYY,159,510,87,132,19,8,7,36,60,93,49,13,.259,.345,.369,.714
1893,STL,132,566,89,184,23,10,2,98,45,18,49,--,.325,.389,.412,.801
1982,LA,150,638,88,180,23,7,4,47,49,53,49,19,.282,.335,.359,.694
1924,PIT,149,599,113,178,30,9,8,55,58,17,49,13,.297,.366,.417,.783
1901,PIT,140,549,101,196,37,11,6,126,53,,49,--,.357,.420,.494,.914
1979,SEA,107,414,70,112,16,2,1,29,62,61,49,9,.271,.363,.326,.689

1976,MIN,156,605,97,200,29,12,9,90,67,52,49,22,.331,.395,.463,.858
1991,CAL,150,604,92,179,28,8,2,50,52,74,48,23,.296,.352,.379,.731
1911,NYG,140,488,70,142,27,15,3,78,43,37,48,--,.291,.354,.426,.780
1984,PHI,152,561,85,164,27,6,16,67,59,84,48,13,.292,.359,.447,.806
1908,STL,154,593,64,167,19,15,7,62,37,,48,--,.282,.332,.400,.732
1905,PHI,155,603,100,180,24,17,5,98,44,,48,--,.299,.354,.420,.774
1897,BRO,135,548,134,172,15,10,1,49,61,,48,--,.314,.392,.383,.775
1887,LOU,91,370,89,118,21,6,4,50,31,,48,--,.319,.381,.441,.822
1896,PIT,131,573,113,183,20,5,3,59,35,18,48,--,.319,.370,.387,.757
1895,NYG,110,430,108,146,36,9,5,101,55,12,48,--,.340,.417,.500,.917
1896,NYG,124,494,98,158,25,12,5,99,50,24,48,--,.320,.387,.449,.836
1984,CAL,140,397,63,90,11,6,2,29,60,115,48,17,.227,.332,.300,.632
1923,CWS,145,505,89,182,22,5,5,67,84,8,48,29,.360,.455,.453,.908
1896,CIN,117,433,81,132,18,7,1,87,51,18,48,--,.305,.391,.386,.777
1986,LA,109,407,47,93,7,0,8,30,30,78,48,13,.229,.284,.305,.589
1894,BSN,125,539,160,237,51,16,18,145,66,15,48,--,.440,.502,.694,1.196
1927,STL,153,617,112,208,31,11,10,78,43,10,48,--,.337,.387,.472,.859
1985,CIN,101,246,51,62,14,4,6,28,44,52,48,12,.252,.366,.415,.781
1984,CIN,123,394,69,100,21,3,7,22,52,71,48,11,.254,.338,.376,.714
1911,NYH,137,520,90,181,30,22,4,88,56,,48,--,.348,.415,.513,.928
1887,IND,122,465,104,104,18,15,4,28,71,68,48,--,.224,.331,.353,.684
1893,WAS,130,564,106,138,12,6,0,45,66,9,48,--,.245,.337,.287,.624
1911,NYG,148,541,90,157,33,9,6,67,47,40,48,--,.290,.365,.418,.783
1891,BRO,130,521,87,134,26,8,2,73,40,25,48,--,.257,.313,.349,.662
1909,NYG,149,570,74,150,15,12,7,91,45,,48,--,.263,.319,.368,.687

1888,IND,113,442,63,119,17,3,1,45,14,17,48,--,.269,.302,.328,.630
1970,SF,157,663,134,200,36,10,26,78,77,189,48,10,.302,.375,.504,.879
1992,OAK,117,396,77,112,18,3,15,46,95,56,48,11,.283,.426,.457,.883
1890,PHA,110,463,110,128,28,3,2,59,43,,48,--,.276,.343,.363,.706
1993,CAL,152,583,94,166,25,3,6,59,70,89,48,24,.285,.361,.369,.730
1996,LA,154,581,75,130,12,8,5,41,53,124,48,11,.224,.288,.298,.586
1895,CIN,112,460,93,143,14,6,2,69,42,25,48,--,.311,.375,.380,.755
1888,CIN,135,495,77,99,10,9,3,68,72,,48,--,.200,.303,.275,.578
1980,HOU,137,499,71,154,32,8,10,73,66,72,48,15,.309,.389,.465,.854
2002,FLA,146,606,86,185,18,5,2,39,55,76,48,15,.305,.364,.361,.725
1890,BRO,126,485,115,150,20,9,7,83,80,19,47,--,.309,.411,.431,.842
1902,PHA,137,545,109,154,20,12,5,58,87,,47,--,.283,.383,.391,.774
1899,CHI,142,550,83,154,19,7,1,76,27,,47,--,.280,.322,.345,.667
1977,LA,134,502,85,142,19,5,11,53,73,69,47,12,.283,.372,.406,.778
1914,--,149,570,107,173,24,6,2,38,53,36,47,--,.304,.368,.377,.745
1893,CHI,117,469,92,132,8,7,8,88,52,20,47,--,.281,.358,.380,.738
1985,CHC,99,275,52,78,11,0,11,44,46,37,47,4,.284,.383,.444,.827
1985,CLE,152,591,106,184,28,14,5,50,63,42,47,20,.311,.377,.431,.808
1893,CLE,116,500,117,172,28,15,6,122,41,18,47,--,.344,.394,.496,.890
1889,BSN,132,536,122,163,33,10,6,79,48,44,47,--,.304,.367,.437,.804
2010,TB,154,600,110,184,30,13,19,90,46,104,47,10,.307,.356,.495,.851
2021,OAK,120,467,89,145,27,3,12,55,43,99,47,5,.310,.383,.458,.841
1984,KC,128,541,81,163,24,9,2,44,39,56,47,5,.301,.350,.390,.740
1904,NYG,145,523,70,140,26,2,2,80,44,,47,--,.268,.326,.337,.663
1894,BSN,128,494,130,166,29,10,13,114,62,42,47,--,.336,.414,.514,.928

1912,CWS,133,420,57,103,12,10,1,42,50,,47,--,.245,.330,.329,.659
1908,CIN,155,570,71,167,17,18,4,63,46,,47,--,.293,.348,.407,.755
1889,CIN,123,486,67,127,23,6,0,63,18,41,47,--,.261,.293,.333,.626
1997,HOU,162,619,146,191,37,8,22,81,84,107,47,10,.309,.415,.501,.916
1993,ATL,134,461,77,124,12,3,1,24,61,63,47,13,.269,.351,.315,.666
1889,PIT,81,321,62,77,10,6,2,25,27,33,47,--,.240,.307,.327,.634
2002,COL,152,592,90,170,20,5,1,35,31,52,47,12,.287,.332,.343,.675
1895,CHI,133,550,129,197,16,10,3,88,33,42,47,--,.358,.399,.440,.839
1889,BRO,138,545,103,134,25,7,4,82,59,43,47,--,.246,.327,.339,.666
1892,CLE,114,454,78,135,26,2,6,69,24,40,47,--,.297,.337,.403,.740
1904,NYG,148,532,83,147,28,11,4,78,54,,47,--,.276,.346,.393,.739
2016,PIT,129,489,71,152,34,5,9,46,23,104,47,12,.311,.362,.456,.818
1890,RCH,133,584,83,152,11,11,3,58,27,,47,--,.260,.294,.332,.626
1895,BAL,131,565,162,213,24,15,4,78,37,12,47,--,.377,.429,.494,.923
2008,PHI,137,556,76,154,38,9,11,59,58,55,47,3,.277,.349,.437,.786
1908,CWS,138,482,68,134,11,6,0,45,58,,47,--,.278,.367,.326,.693
2010,NYY,150,477,97,132,20,7,5,47,79,101,47,9,.277,.383,.379,.762
1907,PHI,140,503,75,165,28,12,4,85,53,,46,--,.328,.396,.455,.851
1888,BAL,137,542,103,139,21,11,0,46,55,,46,--,.256,.331,.336,.667
1988,CIN,137,538,74,146,40,2,11,44,29,52,46,14,.271,.314,.414,.728
1913,BOS,141,520,94,190,35,22,3,71,65,22,46,--,.365,.443,.533,.976
1903,PIT,129,512,97,182,30,19,5,101,44,,46,--,.355,.414,.518,.932
1888,BAL,115,409,69,78,13,1,0,29,30,,46,--,.191,.256,.227,.483
1998,SEA,161,686,123,213,35,5,42,124,45,121,46,13,.310,.360,.560,.920
2012,TOR,142,447,64,115,24,3,8,43,29,102,46,13,.257,.309,.378,.687

2019,SEA,134,510,70,116,19,9,6,37,42,141,46,9,.227,.300,.335,.635
1984,TOR,152,633,79,180,32,5,5,46,16,46,46,12,.284,.310,.374,.684
2017,WSH,98,412,75,117,24,6,11,45,30,80,46,8,.284,.338,.451,.789
1915,CWS,155,521,118,173,22,10,4,77,119,27,46,30,.332,.460,.436,.896
2001,PHI,158,656,97,180,29,12,14,54,48,108,46,8,.274,.323,.419,.742
1890,LOU,134,543,100,197,29,11,4,98,43,,46,--,.363,.421,.479,.900
1893,PIT,113,499,114,158,5,8,2,56,42,8,46,--,.317,.373,.371,.744
1990,SD,149,556,104,172,36,3,9,44,55,65,46,12,.309,.375,.433,.808
1889,CIN,135,563,107,181,28,7,19,104,43,59,46,--,.321,.372,.497,.869
1984,NYM,154,587,88,162,28,10,10,54,26,90,46,9,.276,.308,.409,.717
1978,KC,127,198,43,43,8,2,0,16,16,33,46,12,.217,.280,.278,.558
1987,PHI,150,527,86,159,26,9,7,43,42,87,46,10,.302,.351,.425,.776
2005,TB,156,644,101,194,33,15,15,81,27,84,46,8,.301,.331,.469,.800
1978,PIT,157,654,81,182,31,9,0,38,29,60,46,25,.278,.313,.353,.666
1995,MIN,136,538,107,179,34,8,11,63,78,95,46,18,.333,.424,.487,.911
1905,PHA,119,459,66,120,10,10,1,35,33,,46,--,.261,.312,.333,.645
1887,WAS,123,478,83,147,32,5,10,72,48,24,46,--,.308,.380,.458,.838
1993,STL,142,544,89,186,24,3,16,83,62,32,46,9,.342,.408,.485,.893
1888,WAS,119,473,61,106,16,9,4,43,23,55,46,--,.224,.263,.321,.584
1907,CHC,151,508,66,127,18,4,2,51,38,,46,--,.250,.309,.313,.622
1890,LOU,133,485,93,132,22,2,3,77,69,,46,--,.272,.370,.344,.714
1914,CIN,138,498,54,140,14,8,1,40,42,27,46,--,.281,.348,.347,.695
1896,NYG,133,541,79,162,17,5,4,89,42,13,46,--,.299,.352,.372,.724
2013,NYM,148,539,70,134,27,7,2,32,46,100,46,11,.249,.310,.336,.646
1893,BSN,116,462,107,160,28,6,5,111,64,10,46,--,.346,.429,.465,.894

1897,WAS,124,486,113,152,25,16,5,59,80,,46,--,.313,.414,.461,.875
1903,BRO,135,508,101,138,21,5,0,38,75,,46,--,.272,.376,.333,.709
1896,CHI,132,575,130,184,16,13,2,46,41,43,46,--,.320,.367,.403,.770
1895,PHI,116,480,149,194,49,10,11,106,86,31,46,--,.404,.500,.617,1.117
1917,PIT,155,588,82,174,21,12,1,51,58,38,46,--,.296,.369,.378,.747
2001,COL,156,617,108,202,26,11,2,55,41,29,46,17,.327,.378,.415,.793
1988,MON,90,271,47,66,8,2,0,15,28,42,46,13,.244,.312,.288,.600
1925,PIT,133,542,109,186,39,13,5,44,66,19,46,11,.343,.418,.491,.909
1916,SLB,151,528,51,134,12,1,1,60,57,41,46,26,.254,.333,.286,.619
1982,SEA,154,549,83,133,22,5,8,49,57,71,46,13,.242,.316,.344,.660
1893,NYG,135,588,129,193,27,9,2,77,47,5,46,--,.328,.379,.415,.794
2000,KC,159,655,136,214,42,10,16,88,65,60,46,9,.327,.382,.495,.877
1888,BSN,107,420,62,104,10,7,9,49,30,68,46,--,.248,.299,.369,.668
2005,ATL,154,616,100,175,31,11,12,58,62,78,46,10,.284,.348,.429,.777
1890,TOL,134,523,78,140,16,11,4,72,42,,46,--,.268,.333,.363,.696
1901,CWS,137,545,94,151,16,17,5,98,52,,46,--,.277,.347,.396,.743
1887,NYG,103,397,73,113,15,13,3,88,36,11,46,--,.285,.352,.411,.763
1891,BAL,139,552,102,160,20,18,6,104,52,59,46,--,.290,.363,.424,.787
1993,SF,136,522,84,132,17,7,2,48,30,40,46,15,.253,.302,.324,.626
1992,MON,135,530,82,155,19,8,7,56,54,108,46,15,.292,.359,.398,.757
1888,PHA,97,383,76,87,16,6,2,44,31,,46,--,.227,.294,.316,.610
1894,BAL,129,507,165,199,48,20,6,111,107,36,46,--,.393,.502,.602,1.104
1902,CWS,129,497,60,140,23,7,1,79,37,,46,--,.282,.334,.362,.696
2013,TOR,108,331,49,86,16,2,6,24,21,67,45,6,.260,.312,.375,.687
1889,CHI,135,576,140,187,31,14,17,72,70,62,45,--,.325,.403,.498,.901

1889,CHI,134,531,85,128,15,7,7,77,53,51,45,--,.241,.313,.322,.635
1890,CHI,135,574,114,156,19,10,4,52,73,23,45,--,.272,.360,.361,.721
1900,NYG,141,571,114,180,30,7,1,51,50,,45,--,.315,.371,.398,.769
1899,CHI,117,426,83,127,13,16,9,81,33,,45,--,.298,.349,.467,.816
1997,LA,155,622,106,174,33,8,8,61,71,54,45,14,.280,.359,.397,.756
1984,CHC,143,536,94,149,26,5,3,32,63,60,45,17,.278,.356,.362,.718
1978,LA,151,587,93,163,25,4,17,58,71,70,45,4,.278,.355,.421,.776
1900,STL,126,503,78,159,11,1,0,61,38,,45,--,.316,.368,.342,.710
2018,KC,158,632,88,192,43,3,12,60,61,114,45,10,.304,.367,.438,.805
1918,SLB,114,452,69,153,21,9,2,41,40,17,45,--,.338,.398,.440,.838
2000,AZ,146,617,95,167,21,14,7,57,30,74,45,11,.271,.307,.384,.691
1969,MIN,158,535,99,154,25,5,11,52,37,37,45,12,.288,.342,.415,.757
1903,CLE,140,579,94,169,15,12,1,35,29,,45,--,.292,.329,.364,.693
1887,LOU,137,569,103,160,27,13,2,102,34,,45,--,.281,.331,.385,.716
1890,LOU,134,553,115,169,7,7,0,53,68,,45,--,.306,.383,.344,.727
1980,SF,128,415,73,104,12,1,1,19,81,78,45,19,.251,.373,.292,.665
1996,MIN,153,578,140,197,35,14,13,72,98,74,45,14,.341,.448,.517,.965
2006,SEA,161,695,110,224,20,9,9,49,49,71,45,2,.322,.370,.416,.786
1998,KC,158,607,102,191,28,13,7,66,89,96,45,12,.315,.403,.438,.841
1887,CHI,127,439,77,117,20,14,9,78,73,57,45,--,.267,.377,.437,.814
1992,CWS,144,551,102,162,22,9,7,54,81,48,45,6,.294,.380,.405,.785
2002,LA,127,422,63,117,14,7,3,34,48,51,45,10,.277,.353,.365,.718
1987,MIL,118,465,114,164,41,5,16,75,69,67,45,10,.353,.438,.566,1.004
1911,CWS,120,466,64,131,13,5,3,60,15,,45,--,.281,.306,.350,.656
1969,SF,158,622,120,161,25,6,32,90,81,187,45,4,.259,.351,.473,.824

2004,FLA,162,678,100,221,22,12,3,49,45,35,45,24,.326,.374,.407,.781
1989,TEX,142,475,65,122,12,7,3,31,38,99,45,20,.257,.313,.331,.644
1890,LOU,130,557,101,161,27,9,3,67,29,,45,--,.289,.333,.386,.719
1912,PIT,150,587,114,177,23,8,5,66,61,79,45,--,.302,.372,.394,.766
1899,BRO,141,570,140,216,12,13,1,61,37,,45,--,.379,.425,.451,.876
1980,SEA,119,422,66,88,9,3,2,16,59,49,45,7,.209,.306,.258,.564
1896,NYG,130,475,121,158,25,12,13,94,101,34,45,--,.333,.470,.518,.988
1903,NYG,138,517,100,145,32,14,7,104,61,,45,--,.280,.360,.437,.797
2006,BAL,135,463,75,128,19,5,16,53,21,94,45,9,.276,.314,.443,.757
1997,ANA,120,403,84,100,14,0,8,34,97,85,45,8,.248,.400,.342,.742
1890,PHI,117,487,95,135,29,7,2,81,57,46,44,--,.277,.365,.378,.743
1983,TEX,147,554,80,152,28,3,12,57,44,46,44,8,.274,.331,.401,.732
1891,BRO,135,501,80,137,19,6,2,71,67,32,44,--,.273,.367,.347,.714
2006,WSH,156,617,98,169,27,3,11,52,81,126,44,12,.274,.358,.381,.739
1992,HOU,162,607,84,177,29,13,5,55,58,63,44,9,.292,.355,.407,.762
1977,HOU,157,579,87,173,31,10,17,87,69,67,44,23,.299,.368,.475,.843
1890,TOL,137,514,117,147,13,15,2,69,71,,44,--,.286,.382,.381,.763
1900,CIN,137,545,114,172,11,7,5,42,72,,44,--,.316,.400,.389,.789
1892,CIN,144,573,111,157,19,12,4,60,84,48,44,--,.274,.373,.370,.743
1988,DET,129,458,65,96,14,4,3,36,47,85,44,10,.210,.285,.277,.562
1979,LA,153,582,109,154,20,6,28,73,97,88,44,4,.265,.372,.464,.836
1992,CIN,147,532,92,172,34,6,4,45,62,54,44,16,.323,.393,.432,.825
2008,TB,145,531,85,145,37,2,9,67,97,134,44,16,.273,.383,.401,.784
1888,WAS,110,453,56,102,8,4,7,39,7,42,44,--,.225,.239,.307,.546
1905,NYH,129,422,49,98,13,3,0,42,39,,44,--,.232,.308,.277,.585

1942,WAS,125,513,101,164,26,2,5,43,44,30,44,6,.320,.377,.407,.784
1888,WAS,122,428,43,86,9,4,0,23,20,16,44,--,.201,.242,.241,.483
1890,PIT,131,554,102,139,21,13,5,57,63,49,44,--,.251,.337,.363,.700
1892,CIN,104,404,87,100,11,5,6,45,55,41,44,--,.248,.345,.344,.689
1991,STL,151,566,83,142,23,15,9,69,41,114,44,20,.251,.301,.392,.693
1897,BAL,106,391,90,127,15,3,0,48,99,,44,--,.325,.471,.379,.850
1980,CHC,157,618,78,160,26,3,3,33,60,81,44,16,.259,.327,.325,.652
1902,PHA,129,506,109,153,20,5,1,49,62,,44,--,.302,.381,.368,.749
1966,CWS,160,629,98,172,27,8,22,86,41,127,44,18,.273,.326,.447,.773
1913,DET,152,597,98,150,19,10,1,40,80,32,44,--,.251,.344,.322,.666
1979,NYM,164,680,93,178,29,9,1,34,33,74,44,20,.262,.298,.335,.633
1893,BSN,131,560,147,203,23,7,6,118,50,13,44,--,.363,.416,.461,.877
1980,BAL,160,645,118,205,29,9,9,53,78,75,44,11,.318,.392,.433,.825
1897,CHI,101,419,87,112,8,10,2,55,33,,44,--,.267,.324,.348,.672
2013,MIL,146,588,74,173,20,10,12,49,25,84,44,13,.294,.329,.423,.752
2012,SD,115,398,49,98,19,3,2,24,43,110,44,4,.246,.324,.324,.648
1890,BKW,104,394,78,88,12,7,1,50,70,36,44,--,.223,.348,.297,.645
1989,CAL,156,636,86,156,18,13,12,56,31,129,44,16,.245,.282,.371,.653
1888,BRO,131,529,94,155,27,15,6,67,38,,44,--,.293,.345,.435,.780
1890,CHI,139,538,86,149,17,6,5,86,57,45,44,--,.277,.348,.359,.707
1898,LOU,112,421,76,132,13,5,1,66,26,,44,--,.314,.363,.375,.738
1887,CIN,127,498,70,124,12,6,1,50,19,,44,--,.249,.282,.303,.585
1897,BAL,131,505,113,183,31,9,5,118,70,,44,--,.362,.447,.489,.936
1890,NYG,101,395,55,89,12,8,0,49,32,38,44,--,.225,.290,.296,.586
1999,SEA,139,539,79,125,13,6,4,34,37,91,44,8,.232,.280,.301,.581

1910,WAS,142,531,89,148,17,6,0,16,71,,44,--,.279,.379,.333,.712
1890,CIN,130,527,91,157,17,12,1,73,46,29,44,--,.298,.361,.381,.742
1972,SF,153,626,118,162,29,5,26,80,60,137,44,6,.259,.326,.446,.772
1890,SYR,119,496,72,130,16,6,0,64,31,,44,--,.262,.308,.319,.627
1978,TEX,156,565,93,151,19,4,31,90,79,120,43,22,.267,.355,.480,.835
1964,STL,155,634,111,200,30,11,14,58,40,127,43,18,.315,.358,.464,.822
2016,CLE,134,454,74,113,23,2,12,48,33,106,43,6,.249,.306,.388,.694
2001,NYY,158,574,77,154,34,3,18,73,29,125,43,14,.268,.304,.432,.736
1890,COL,125,466,140,120,27,7,1,48,112,,43,--,.258,.405,.352,.757
1890,PBU,123,503,80,117,14,13,1,61,38,45,43,--,.233,.289,.318,.607
1914,--,92,305,61,67,10,5,1,29,44,43,43,--,.220,.322,.295,.617
1891,WAS,134,500,83,128,11,8,1,48,50,39,43,--,.256,.335,.316,.651
1887,CLE,126,505,108,151,28,13,3,94,53,,43,--,.299,.373,.424,.797
2019,KC,102,415,58,109,20,10,9,62,19,132,43,7,.263,.291,.424,.715
1912,NYG,146,535,91,144,24,9,3,69,70,65,43,--,.269,.362,.364,.726
1887,PHI,111,474,93,136,21,6,2,78,21,14,43,--,.287,.321,.369,.690
1987,STL,158,600,104,182,40,4,0,75,89,36,43,9,.303,.392,.383,.775
1989,DET,119,444,77,114,8,6,1,18,84,106,43,15,.257,.375,.309,.684
1894,NYG,137,519,109,172,22,4,7,104,55,22,43,--,.331,.400,.430,.830
1992,STL,132,518,73,153,20,2,0,31,59,34,43,9,.295,.367,.342,.709
1891,BSN,125,497,92,129,19,5,6,74,53,54,43,--,.260,.342,.354,.696
1887,BSN,121,475,100,140,24,12,6,94,60,30,43,--,.295,.376,.434,.810
1890,BKW,133,489,121,123,18,18,1,78,123,77,43,--,.252,.413,.368,.781
1991,PIT,153,510,95,149,28,5,25,116,107,73,43,13,.292,.410,.514,.924
2018,WSH,162,664,103,180,27,6,19,73,69,132,43,9,.271,.344,.416,.760

1911,CWS,141,561,103,180,18,18,3,61,32,,43,--,.321,.364,.433,.797
1890,BSN,132,539,104,159,17,8,1,62,56,22,43,--,.295,.387,.362,.749
1925,CWS,153,605,135,181,36,16,2,50,90,52,43,20,.299,.400,.421,.821
1923,CHC,152,570,81,160,36,8,8,70,71,92,43,28,.281,.360,.414,.774
1976,NYY,137,590,95,184,31,8,8,67,12,51,43,7,.312,.326,.432,.758
1890,COL,135,538,106,186,23,18,1,113,48,,43,--,.346,.409,.461,.870
1985,KC,141,605,87,168,25,21,4,43,29,94,43,11,.278,.316,.408,.724
1887,BSN,113,467,103,156,27,17,9,92,36,44,43,--,.334,.390,.522,.912
1997,CLE,153,565,89,158,23,6,5,49,57,58,43,12,.280,.347,.368,.715
1888,BAL,136,520,74,149,17,12,6,61,16,,43,--,.287,.330,.400,.730
1898,BAL,143,515,143,176,8,10,0,53,112,,43,--,.342,.475,.396,.871
1892,CIN,152,602,114,177,23,16,13,91,57,39,43,--,.294,.356,.450,.806
1913,SLB,147,549,105,163,23,8,1,28,99,63,43,--,.297,.405,.373,.778
1988,SF,157,568,109,163,27,9,6,43,97,64,43,20,.287,.393,.398,.791
1915,SLB,156,559,93,158,18,11,1,30,118,62,43,32,.283,.409,.360,.769
1984,STL,145,571,82,166,19,11,6,50,29,80,43,10,.291,.325,.394,.719
1983,STL,130,492,83,158,31,5,8,45,41,55,43,18,.321,.381,.453,.834
1965,HOU,157,564,90,155,30,7,22,73,84,126,43,4,.275,.371,.470,.841
1899,BRO,141,498,95,156,24,9,5,88,69,,43,--,.313,.409,.428,.837
1893,PHI,82,355,110,135,22,7,5,44,63,7,43,--,.380,.490,.524,1.014
1889,CIN,111,427,84,111,24,13,5,66,34,37,43,--,.260,.340,.412,.752
1890,COL,137,530,75,141,23,3,4,77,35,,43,--,.266,.319,.343,.662
2008,SEA,162,686,103,213,20,7,6,42,51,65,43,4,.310,.361,.386,.747
1887,NYG,127,471,113,134,26,22,17,104,75,50,43,--,.285,.392,.541,.933
1894,BSN,127,539,118,188,21,8,13,126,59,17,43,--,.349,.419,.490,.909

1886,BRO,141,595,131,152,33,9,1,68,56,,43,--,.255,.322,.346,.668
1929,CHC,139,509,111,183,29,7,15,102,66,56,43,--,.360,.438,.532,.970
1897,NYG,131,540,85,172,16,4,1,106,26,,43,--,.319,.353,.369,.722
1910,NYG,133,490,92,149,11,10,2,27,46,67,43,--,.304,.371,.380,.751
1989,NYY,158,651,88,205,26,3,5,63,52,44,43,17,.315,.364,.387,.751
1990,NYY,155,615,70,160,24,2,4,42,49,46,43,9,.260,.316,.325,.641
1889,BRO,138,553,118,152,19,8,6,113,64,23,43,--,.275,.353,.371,.724
1973,SF,160,643,131,182,34,4,39,96,87,148,43,17,.283,.370,.530,.900
1895,CIN,132,529,103,177,31,16,10,112,33,34,43,--,.335,.378,.510,.888
1992,CAL,139,441,59,114,16,2,10,46,51,71,43,18,.259,.341,.372,.713
1981,SEA,94,352,57,90,12,3,2,24,39,40,43,8,.256,.332,.324,.656
2015,COL,157,614,93,176,31,9,17,58,46,112,43,13,.287,.347,.450,.797
1973,TEX,142,576,71,165,24,4,7,48,34,78,43,16,.286,.325,.378,.703
1993,MON,123,481,75,142,17,7,2,29,72,64,43,10,.295,.389,.372,.761
1907,PIT,149,547,102,166,19,12,4,43,40,,43,--,.303,.352,.404,.756
2003,MIL,154,558,100,175,29,8,9,58,56,91,43,10,.314,.379,.443,.822
1982,PHI,122,370,56,92,10,2,4,21,36,69,42,12,.249,.315,.319,.634
1914,BOS,158,571,101,193,46,18,4,90,77,25,42,29,.338,.423,.503,.926
1895,NYG,123,463,79,129,12,5,3,73,40,32,42,--,.279,.344,.346,.690
1902,PIT,136,534,105,177,30,16,3,91,43,,42,--,.331,.396,.463,.859
1999,CLE,144,574,112,191,36,4,5,66,65,50,42,9,.333,.397,.436,.833
2004,HOU,159,599,121,160,36,9,38,104,92,101,42,3,.267,.367,.548,.915
1998,LA,117,452,78,129,24,1,8,43,45,32,42,13,.285,.355,.396,.751
1986,HOU,145,550,92,152,29,3,6,37,81,57,42,19,.276,.368,.373,.741
2010,TB,154,536,89,127,38,4,18,62,67,164,42,9,.237,.322,.424,.746

1993,COL,144,490,82,132,16,8,3,42,63,41,42,19,.269,.355,.353,.708
1924,CWS,151,556,108,194,27,7,6,86,89,16,42,17,.349,.441,.455,.896
1992,STL,153,598,87,175,40,6,20,86,72,147,42,24,.293,.371,.480,.851
1895,STL,117,484,97,108,19,7,3,47,66,60,42,--,.223,.319,.310,.629
1987,ATL,142,533,77,144,35,2,12,74,48,63,42,16,.270,.329,.411,.740
2013,TEX,156,616,83,171,33,4,18,81,41,108,42,7,.278,.324,.432,.756
1989,SD,158,623,82,184,27,1,7,56,53,76,42,17,.295,.347,.376,.723
1972,CIN,149,604,88,171,28,5,8,82,44,88,42,15,.283,.334,.386,.720
1920,SLB,154,631,137,257,49,18,19,122,46,19,42,17,.407,.449,.632,1.081
1977,HOU,150,625,101,176,36,7,16,68,27,55,42,22,.282,.313,.438,.751
1891,CLE,136,570,115,165,35,12,3,89,53,29,42,--,.289,.354,.409,.763
1886,DET,125,538,125,189,27,11,11,61,46,27,42,--,.351,--,.504,--
1887,WAS,117,425,51,85,9,6,1,46,16,26,42,--,.200,.234,.256,.490
1977,OAK,145,501,85,154,28,8,21,75,78,95,42,5,.307,.405,.521,.926
1890,BSR,130,555,126,181,26,14,13,146,52,46,42,--,.326,.384,.494,.878
1970,HOU,144,548,102,147,28,9,8,52,102,55,42,13,.268,.383,.396,.779
1892,NYG,105,393,58,122,10,15,8,76,38,26,42,--,.310,.371,.473,.844
1986,PHI,145,591,90,157,36,12,16,78,26,142,42,14,.266,.302,.448,.750
2009,TB,144,560,79,135,33,4,11,55,57,152,42,14,.241,.313,.373,.686
1899,PHI,150,547,137,178,12,4,0,47,115,,42,--,.325,.457,.362,.819
1904,NYG,141,517,81,148,22,6,6,71,36,,42,--,.286,.354,.387,.741
1894,CHI,121,502,149,179,32,14,15,107,76,33,42,--,.357,.444,.566,1.010
1891,STL,137,586,107,127,15,7,2,63,67,28,42,--,.217,.301,.276,.577
1891,CHI,121,498,102,137,14,10,11,71,55,21,42,--,.275,.353,.410,.763
1904,CHC,124,451,89,140,16,10,6,49,36,,42,--,.310,.382,.430,.812

1970,OAK,147,603,97,168,28,4,22,64,36,73,42,10,.279,.321,.448,.769
2009,LAA,158,615,114,183,30,7,5,54,101,114,42,17,.298,.395,.393,.788
2010,SEA,162,680,74,214,30,3,6,43,45,86,42,9,.315,.359,.394,.753
2010,SEA,161,602,62,156,21,2,1,35,74,114,42,15,.259,.340,.306,.646
1914,STL,126,421,76,101,16,3,4,32,55,74,42,--,.240,.335,.321,.656
1895,BSN,130,531,110,187,30,6,9,100,63,16,42,--,.352,.425,.482,.907
1990,NYY,162,641,85,183,32,4,15,61,33,148,42,17,.285,.323,.418,.741
1914,--,147,581,92,161,22,8,1,37,69,49,42,--,.277,.359,.348,.707
1976,BAL,133,450,71,113,15,7,9,36,43,76,42,10,.251,.316,.376,.692
1994,BOS,103,398,60,109,15,1,0,25,55,65,42,10,.274,.360,.317,.677
2009,WSH,120,469,74,144,15,7,3,39,40,74,42,17,.307,.369,.388,.757
2013,TEX,156,620,91,168,17,4,4,67,52,97,42,8,.271,.328,.331,.659
1988,LA,160,632,70,175,19,4,5,57,45,51,42,12,.277,.325,.343,.668
1998,DET,142,595,67,151,29,3,4,36,36,94,42,12,.254,.298,.333,.631
1894,BAL,129,573,134,210,25,11,3,113,18,8,42,--,.366,.399,.464,.863
2012,ATL,155,624,96,171,26,10,9,57,70,155,42,13,.274,.348,.391,.739
1964,LA,157,613,91,180,23,7,12,77,22,59,42,13,.294,.316,.413,.729
1995,SEA,115,455,66,131,23,6,5,29,37,80,42,16,.288,.343,.398,.741
1894,NYG,105,422,90,155,30,8,3,100,35,3,42,--,.367,.420,.498,.918
1990,MON,129,499,69,144,28,6,4,45,66,96,42,22,.289,.375,.393,.768
1989,NYM,137,532,69,125,16,2,11,48,42,120,42,12,.235,.303,.335,.638
1908,NYH,142,505,62,150,12,9,0,44,59,,42,--,.297,.374,.356,.730
1888,KC,121,491,70,131,22,8,3,61,20,,42,--,.267,.304,.363,.667
1890,BRO,129,509,106,154,25,13,5,98,52,25,42,--,.303,.368,.432,.800
1977,CAL,158,592,103,156,23,9,37,115,74,141,41,18,.264,.342,.520,.862

1910,CIN,135,474,70,116,11,5,0,46,53,38,41,--,.245,.322,.289,.611
2002,NYY,156,696,128,209,51,2,39,102,23,157,41,13,.300,.332,.547,.879
2006,WSH,159,647,119,179,41,2,46,95,67,160,41,17,.277,.351,.560,.911
1974,SF,150,567,97,145,22,8,21,71,95,134,41,11,.256,.364,.434,.798
1905,WAS,141,501,66,125,22,12,5,66,28,,41,--,.250,.311,.371,.682
2009,OAK,125,390,65,119,27,5,3,48,29,70,41,12,.305,.360,.423,.783
1901,CHI,140,558,111,187,25,16,7,54,74,,41,--,.335,.414,.475,.889
1887,BSN,98,437,85,118,10,6,5,49,17,28,41,--,.270,.302,.355,.657
1923,CWS,153,546,91,159,37,15,3,64,62,51,41,16,.291,.376,.430,.806
2003,KC,141,521,102,160,14,10,26,100,72,81,41,4,.307,.389,.522,.911
1898,PIT,147,610,112,184,16,9,0,37,34,,41,--,.302,.346,.357,.703
1895,CLE,131,550,153,225,22,13,5,83,74,31,41,--,.409,.486,.524,1.010
1888,LOU,128,538,80,154,28,11,0,67,25,,41,--,.286,.320,.379,.699
1992,CWS,157,567,67,158,15,12,3,47,34,33,41,14,.279,.318,.363,.681
1992,LA,157,553,86,171,14,11,3,39,95,67,41,21,.309,.413,.391,.804
1894,PIT,132,576,145,174,21,10,4,76,33,12,41,--,.302,.345,.394,.739
1899,CHI,107,416,81,135,21,7,1,58,38,,41,--,.325,.382,.416,.798
1904,CHC,141,488,55,108,12,13,3,41,29,,41,--,.221,.268,.318,.586
1895,CIN,69,239,61,65,8,7,2,34,36,17,41,--,.272,.374,.389,.763
2022,MIA,102,358,47,86,17,3,4,28,42,89,41,5,.240,.324,.338,.662
1907,NYH,141,530,58,124,12,11,3,51,30,,41,--,.234,.279,.315,.594
1894,WAS,98,347,86,105,11,7,0,36,80,31,41,--,.303,.447,.375,.822
1896,CIN,69,263,41,73,14,4,1,38,29,13,41,--,.278,.349,.373,.722
1988,STL,137,562,73,164,24,6,3,50,32,84,41,6,.292,.329,.372,.701
1887,NYG,122,450,79,125,19,10,3,62,36,25,41,--,.278,.337,.384,.721

1916,SLB,156,614,97,174,23,6,1,36,110,65,41,28,.283,.392,.345,.737
1989,NYM,153,571,104,164,41,3,36,101,77,126,41,8,.287,.369,.559,.928
2005,PHI,158,677,115,196,38,11,12,54,47,71,41,6,.290,.338,.431,.769
2007,LAA,115,442,81,146,24,6,3,58,51,81,41,12,.330,.393,.432,.825
1982,MIL,160,666,136,201,26,8,19,71,69,93,41,9,.302,.366,.450,.816
1913,PHI,150,573,98,172,28,11,7,55,42,34,41,--,.300,.353,.424,.777
1910,CIN,93,314,43,97,6,6,3,40,30,9,41,--,.309,.369,.395,.764
1983,MIL,152,608,95,164,28,6,15,47,59,74,41,8,.270,.333,.410,.743
1977,CAL,154,575,74,145,19,10,4,44,59,59,41,17,.252,.322,.341,.663
1887,LOU,132,512,85,129,7,9,2,79,47,,41,--,.252,.315,.313,.628
1991,DET,154,475,77,122,15,7,3,33,52,92,41,10,.257,.335,.337,.672
1983,CIN,146,502,77,131,23,6,9,33,68,60,41,12,.261,.350,.384,.734
1912,DET,149,581,81,189,30,21,4,109,42,,41,--,.325,.373,.470,.843
1989,MON,145,517,76,148,29,6,9,60,93,48,41,9,.286,.395,.418,.813
1992,MIL,128,470,67,140,19,7,5,62,45,42,41,14,.298,.356,.400,.756
1998,FLA,133,517,79,146,18,2,3,31,48,78,41,22,.282,.347,.342,.689
2013,PIT,135,510,83,143,26,10,12,35,25,138,41,15,.280,.343,.441,.784
1891,COL,137,552,86,166,28,4,10,90,42,36,41,--,.301,.353,.420,.773
1974,CIN,160,594,70,167,25,1,14,82,44,79,41,6,.281,.335,.397,.732
1911,CLE,147,571,126,233,45,19,7,83,56,,41,--,.408,.468,.590,1.058
1900,BRO,136,563,106,204,13,12,4,68,30,,41,--,.362,.402,.449,.851
1891,STL,141,580,86,152,16,2,3,93,33,25,41,--,.262,.310,.312,.622
1910,NYH,95,356,68,90,13,8,1,17,41,,41,--,.253,.356,.343,.699
1886,STL,131,578,95,147,15,9,3,76,10,,41,--,.254,.267,.327,.594
1925,PIT,153,617,144,220,43,26,18,102,58,56,41,13,.357,.423,.598,1.021

1980,NYM,152,578,82,162,31,4,16,76,82,92,41,15,.280,.370,.431,.801
1907,CLE,147,549,80,166,15,18,3,58,64,,41,--,.302,.386,.412,.798
1987,NYY,95,358,78,104,17,3,17,37,80,52,41,8,.291,.423,.497,.920
1887,CLE,119,488,87,143,29,13,2,73,38,,41,--,.293,.362,.418,.780
2008,HOU,138,467,57,107,10,4,5,29,37,111,41,10,.229,.288,.300,.588
1992,ATL,120,456,79,134,14,2,2,22,39,54,41,18,.294,.348,.346,.694
2007,PHI,162,716,139,212,38,20,30,94,49,85,41,6,.296,.344,.531,.875
1973,MIN,149,580,98,203,30,11,6,62,62,55,41,16,.350,.411,.471,.882
1978,CHC,160,619,104,172,24,7,3,35,74,78,41,11,.278,.356,.354,.710
1897,PHI,126,536,93,152,23,5,0,52,25,,41,--,.284,.316,.345,.661
1988,MIL,154,609,115,190,34,6,13,60,71,54,41,10,.312,.384,.452,.836
1906,CIN,146,545,81,159,11,7,0,26,71,,41,--,.292,.376,.338,.714
1897,BSN,134,550,130,187,25,10,11,129,52,,41,--,.340,.403,.482,.885
1908,PHI,143,508,79,144,30,16,2,57,49,,40,--,.283,.359,.417,.776
2003,LA,107,388,56,97,6,5,2,16,43,39,40,14,.250,.331,.307,.638
1968,CLE,157,583,78,150,21,7,7,44,39,74,40,18,.257,.305,.353,.658
1903,PHA,137,512,93,144,18,6,1,36,53,,40,--,.281,.353,.346,.699
1891,CHI,137,498,93,123,12,9,7,77,79,60,40,--,.247,.353,.349,.702
1916,CWS,155,545,87,168,14,17,0,52,86,36,40,21,.308,.405,.396,.801
1890,RCH,124,437,76,97,11,6,2,41,48,,40,--,.222,.310,.288,.598
1988,CIN,151,588,91,174,32,5,12,56,41,24,40,7,.296,.347,.429,.776
1996,SF,158,517,122,159,27,3,42,129,151,76,40,7,.308,.461,.615,1.076
1910,NYH,130,524,67,152,20,5,3,73,16,,40,--,.290,.312,.365,.677
1915,--,151,521,56,146,26,6,1,49,66,39,40,--,.280,.367,.359,.726
1988,OAK,158,610,120,187,34,0,42,124,78,128,40,16,.307,.391,.569,.960

1896,STL,125,427,66,104,10,6,6,52,58,48,40,--,.244,.342,.337,.679
1889,COL,139,529,113,146,21,7,4,52,116,66,40,--,.276,.407,.365,.772
1978,SD,159,590,69,152,17,6,1,46,47,43,40,12,.258,.311,.312,.623
1987,SEA,158,603,101,179,38,10,14,67,84,119,40,10,.297,.387,.463,.850
1995,CWS,142,607,98,186,18,12,10,57,32,31,40,6,.306,.341,.425,.766
1902,CHI,117,454,64,143,11,4,0,28,53,,40,--,.315,.387,.357,.744
2012,MIA,160,642,86,184,37,12,11,57,63,56,40,11,.287,.347,.433,.780
1907,WAS,154,605,73,167,10,5,1,35,54,,40,--,.276,.337,.314,.651
1982,PIT,121,359,66,112,16,3,5,31,32,57,40,15,.312,.369,.415,.784
1897,NYG,127,528,123,174,29,10,5,72,61,,40,--,.330,.400,.451,.851
1886,CIN,140,560,139,150,23,12,8,70,59,,40,--,.268,.343,.395,.738
1894,NYG,122,477,120,168,26,19,8,91,66,10,40,--,.352,.435,.537,.972
2021,KC,162,664,97,184,42,3,10,74,40,103,40,4,.277,.317,.395,.712
1896,STL,126,521,93,138,17,11,5,46,42,19,40,--,.265,.322,.369,.691
1887,PHA,126,530,74,144,19,7,1,82,13,,40,--,.272,.289,.340,.629
1914,SLB,154,579,82,156,19,9,0,38,64,66,40,29,.269,.344,.333,.677
2019,BAL,162,642,111,176,33,5,24,73,61,176,40,9,.274,.339,.453,.792
1916,NYG,154,552,71,146,22,15,9,74,68,65,40,26,.264,.348,.408,.756
2012,MIN,124,511,70,150,13,6,0,32,29,54,40,9,.294,.333,.342,.675
1910,BOS,155,584,81,156,9,10,2,27,62,,40,--,.267,.346,.327,.673
1971,HOU,160,583,87,149,27,11,13,56,88,52,40,8,.256,.351,.407,.758
2018,TB,141,480,65,142,27,10,2,40,47,98,40,12,.296,.367,.406,.773
1911,DET,150,561,126,130,18,5,1,36,98,,40,--,.232,.349,.287,.636
2011,FLA,152,565,78,167,26,7,5,36,59,129,40,11,.296,.360,.393,.753
1887,WAS,103,420,79,104,17,4,4,37,17,30,40,--,.248,.291,.336,.627

2008,BAL,155,611,107,181,51,8,9,57,82,104,40,10,.296,.378,.450,.828
1969,LA,151,623,80,171,10,8,4,47,59,61,40,21,.274,.337,.335,.672
2011,SEA,161,677,80,184,22,3,5,47,39,69,40,7,.272,.310,.335,.645
1963,BAL,146,601,73,150,18,8,5,45,36,35,40,6,.250,.291,.331,.622
1911,PHI,147,541,94,154,20,9,9,72,66,31,40,--,.285,.368,.405,.773
1889,WAS,108,432,88,125,19,19,9,57,51,32,40,--,.289,.367,.484,.851
1898,LOU,149,599,116,184,23,12,3,47,48,,40,--,.307,.373,.401,.774
2008,LAD,119,375,44,106,10,2,1,28,22,24,40,12,.283,.327,.328,.655
1963,LA,134,527,83,159,19,3,0,34,44,48,40,19,.302,.355,.349,.704
2011,LAD,161,602,115,195,33,4,39,126,74,159,40,11,.324,.399,.586,.985
1892,CLE,149,571,92,136,26,7,4,70,63,54,40,--,.238,.318,.329,.647
1990,CLE,63,227,43,68,5,4,0,13,28,38,40,9,.300,.379,.357,.736
1989,SD,158,604,82,203,27,7,4,62,56,30,40,16,.336,.389,.424,.813
1969,KC,112,417,61,110,20,4,8,32,49,70,40,13,.264,.348,.388,.736
2013,MIL,147,536,80,152,27,10,24,73,37,146,40,7,.284,.338,.506,.844
1913,PHA,137,538,101,152,27,9,5,71,34,37,40,--,.283,.328,.394,.722
1895,LOU,132,550,96,191,21,5,4,82,34,24,40,--,.347,.396,.425,.821
1956,NYG,152,578,101,171,27,8,36,84,68,65,40,10,.296,.369,.557,.926
2002,MON,161,614,106,206,37,2,39,111,84,70,40,20,.336,.417,.593,1.010
1915,WAS,153,573,83,165,13,7,2,66,53,32,40,19,.288,.353,.346,.699
1912,PHA,149,577,116,200,40,21,10,130,50,,40,--,.347,.404,.541,.945
1911,NYH,131,462,74,132,16,9,2,31,48,,40,--,.286,.375,.372,.747
1986,LA,157,633,91,210,43,4,6,56,59,58,40,17,.332,.390,.441,.831
1901,NYG,135,493,55,139,14,6,1,34,59,,40,--,.282,.364,.341,.705
1934,BOS,152,623,129,200,41,10,11,67,77,37,40,15,.321,.397,.472,.869

2016,SF,141,553,73,159,24,4,16,67,29,88,40,10,.288,.325,.432,.757
1919,NYG,139,534,86,162,30,9,2,46,82,37,40,--,.303,.396,.404,.800
1892,BSN,112,429,79,101,22,12,4,67,54,51,40,--,.235,.326,.371,.697
1908,DET,153,584,96,151,20,10,3,52,37,,40,--,.259,.304,.342,.646
1983,KC,144,547,76,129,19,6,5,41,48,78,40,7,.236,.298,.320,.618
2006,CWS,139,524,86,137,27,6,3,45,54,96,40,19,.261,.330,.353,.683
2011,SD,137,516,82,136,24,8,9,40,44,125,40,8,.264,.323,.393,.716
1913,NYG,150,605,81,173,37,4,2,54,58,74,40,--,.286,.352,.370,.722
1893,NYG,82,318,56,102,17,5,1,51,27,12,40,--,.321,.383,.415,.798
1980,LA,128,388,55,101,5,4,1,23,23,27,40,13,.260,.306,.302,.608
2011,CIN,158,604,92,147,22,3,15,44,63,205,40,10,.243,.321,.364,.685
1917,NYG,152,597,103,180,25,13,5,45,75,55,40,--,.302,.380,.412,.792
2004,PHI,159,574,118,173,47,1,30,105,127,116,40,5,.301,.428,.544,.972
2000,ATL,131,455,87,134,20,4,4,37,73,80,40,14,.295,.394,.382,.776
1975,OAK,148,590,86,182,24,7,10,77,32,80,40,15,.308,.345,.424,.769
1918,NYG,119,465,80,135,22,6,4,51,43,37,40,--,.290,.354,.389,.743
1891,WAS,116,475,67,121,9,10,1,44,19,45,39,--,.255,.286,.322,.608
1909,CIN,127,480,59,132,14,3,2,53,37,,39,--,.275,.329,.329,.658
1889,BAL,137,531,152,148,21,14,4,48,91,29,39,--,.279,.387,.394,.781
1892,BRO,151,613,77,145,11,6,1,74,34,51,39,--,.237,.281,.279,.560
2005,TB,158,616,89,182,36,6,6,57,61,72,39,11,.295,.362,.403,.765
1890,SYR,90,284,43,47,0,0,0,9,58,,39,--,.165,.315,.165,.480
1890,BUF,122,493,107,147,17,8,1,53,94,36,39,--,.298,.418,.371,.789
1890,NYG,120,513,62,122,18,5,0,65,12,37,39,--,.238,.258,.292,.550
1888,PHA,111,456,93,135,22,5,6,83,41,,39,--,.296,.363,.406,.769

1894,NYG,136,540,100,143,12,5,0,77,34,6,39,--,.265,.310,.306,.616
1893,CLE,125,511,145,178,25,15,6,82,98,23,39,--,.348,.459,.491,.950
1992,PIT,140,473,109,147,36,5,34,103,127,69,39,8,.311,.456,.624,1.080
2000,CLE,155,610,111,189,40,2,19,89,64,82,39,4,.310,.378,.475,.853
2011,BOS,158,660,119,212,46,5,32,105,52,98,39,15,.321,.376,.552,.928
2014,NYY,149,575,71,156,27,5,16,70,49,93,39,5,.271,.328,.419,.747
1977,DET,154,652,100,212,30,10,16,57,37,121,39,19,.325,.363,.475,.838
1906,CLE,157,624,98,194,34,22,1,62,54,,39,--,.311,.372,.441,.813
1909,CIN,127,480,59,132,14,3,2,53,37,,39,--,.275,.329,.329,.658
1982,MON,148,608,107,183,37,7,23,83,34,96,39,10,.301,.343,.498,.841
2005,TB,158,616,89,182,36,6,6,57,61,72,39,11,.295,.362,.403,.765
1999,TEX,109,405,63,105,12,6,3,33,40,61,39,11,.259,.324,.341,.665
2001,SEA,125,409,78,117,16,9,5,57,69,84,39,7,.286,.384,.406,.790
1887,NYG,111,459,95,133,16,5,1,49,42,18,39,--,.290,.358,.353,.711
1896,NYG,133,562,136,197,18,21,5,74,55,36,39,--,.351,.410,.484,.894
1889,STL,132,452,97,94,17,3,5,70,118,55,39,--,.208,.378,.292,.670
1984,TOR,158,592,97,166,28,15,18,92,78,122,39,9,.280,.368,.470,.838
1987,TOR,155,592,106,167,27,4,26,96,70,124,39,7,.282,.358,.473,.831
2012,LAD,154,595,72,152,29,7,11,55,53,80,39,6,.255,.321,.383,.704
1888,PHA,111,456,93,135,22,5,6,83,41,,39,--,.296,.363,.406,.769
1910,NYH,134,479,84,128,15,9,4,42,66,,39,--,.267,.364,.361,.725
2011,NYM,126,537,101,181,31,16,7,44,43,41,39,7,.337,.384,.493,.877
1890,BSN,121,487,68,115,12,7,1,51,34,38,39,--,.236,.291,.296,.587
2012,OAK,120,455,68,118,25,7,11,46,45,64,39,4,.259,.325,.418,.743
1981,PIT,103,434,62,120,18,8,1,35,26,76,39,14,.276,.319,.362,.681

1890,BSN,134,463,82,106,16,12,1,53,80,81,39,--,.229,.353,.322,.675
1891,LOU,120,433,70,111,18,7,3,47,41,51,39,--,.256,.329,.351,.680
1906,WAS,151,583,62,158,25,4,3,70,19,,39,--,.271,.296,.343,.639
1983,STL,147,601,75,172,22,8,5,75,26,98,39,8,.286,.314,.374,.688
1893,CHI,94,392,69,118,14,14,3,61,40,8,39,--,.301,.367,.431,.798
1894,BRO,107,402,122,144,28,4,5,75,78,14,39,--,.358,.467,.485,.952
1913,BRO,147,592,72,158,23,13,7,80,39,22,39,--,.267,.315,.385,.700
1892,BRO,151,613,77,145,11,6,1,74,34,51,39,--,.237,.281,.279,.560
1993,LA,156,607,80,181,21,10,1,42,86,69,39,19,.298,.387,.371,.758
1896,BSN,131,527,97,158,16,8,5,113,52,19,39,--,.300,.365,.389,.754
1890,NYG,120,513,62,122,18,5,0,65,12,37,39,--,.238,.258,.292,.550
1889,BAL,137,531,152,148,21,14,4,48,91,29,39,--,.279,.387,.394,.781
1891,CLE,141,551,120,155,21,12,2,83,97,32,39,--,.281,.395,.374,.769
1890,BUF,122,493,107,147,17,8,1,53,94,36,39,--,.298,.418,.371,.789
1983,ATL,151,549,84,154,21,13,5,37,54,56,39,23,.281,.344,.393,.737
1890,SYR,90,284,43,47,0,0,0,9,58,,39,--,.165,.315,.165,.480
1994,HOU,114,437,88,139,44,5,6,56,62,58,39,4,.318,.411,.483,.894
1974,PHI,162,669,97,184,19,10,1,36,23,52,39,11,.275,.298,.338,.636
1975,KC,132,470,87,116,26,6,9,46,66,48,39,11,.247,.342,.385,.727
2015,AZ,157,609,111,192,39,6,20,76,53,89,39,7,.315,.367,.498,.865
1995,LA,127,425,66,109,18,3,8,37,63,83,39,14,.256,.353,.369,.722
1910,NYG,151,575,97,164,21,14,8,69,71,26,39,--,.285,.369,.412,.781
1916,STL,151,561,78,132,24,8,6,43,60,50,39,12,.235,.316,.339,.655
1983,CIN,125,453,90,112,20,9,17,51,71,111,39,14,.247,.352,.444,.796
1915,CWS,153,576,73,148,24,17,2,85,28,50,38,19,.257,.298,.368,.666

1907,WAS,146,540,60,145,15,5,2,42,34,,38,--,.269,.319,.326,.645
1905,CHC,118,392,92,124,16,12,2,70,78,,38,--,.316,.450,.434,.884
1897,STL,131,462,59,132,17,11,4,55,62,,38,--,.286,.379,.396,.775
1914,WAS,115,437,63,129,19,11,1,39,32,26,38,21,.295,.346,.396,.742
1902,CWS,137,515,62,130,14,4,4,59,14,,38,--,.252,.276,.318,.594
1996,PIT,155,630,101,189,40,1,18,72,54,116,38,12,.300,.354,.452,.806
1915,--,148,524,68,154,12,17,4,50,35,46,38,--,.294,.340,.405,.745
1994,CIN,92,375,58,106,17,4,4,28,32,63,38,16,.283,.342,.381,.723
1970,MIL,154,604,104,179,35,4,31,82,77,107,38,16,.296,.377,.522,.899
1906,BRO,151,566,71,125,15,7,0,32,49,,38,--,.221,.286,.272,.558
1888,NYG,122,510,70,128,14,5,2,49,9,13,38,--,.251,.265,.310,.575
1900,CHI,127,481,72,142,25,4,7,60,42,,38,--,.295,.356,.407,.763
1888,DET,109,459,64,122,6,8,5,39,15,32,38,--,.266,.295,.346,.641
1990,LA,143,492,62,119,24,3,13,52,51,126,38,20,.242,.316,.382,.698
1888,PHI,74,290,40,66,12,2,1,31,12,26,38,--,.228,.261,.293,.554
1909,BRO,153,601,80,163,20,6,1,30,51,,38,--,.271,.329,.329,.658
2004,BOS,113,319,64,81,14,7,4,35,38,48,38,3,.254,.337,.379,.716
1912,NYG,143,549,83,152,26,20,3,92,27,45,38,--,.277,.320,.413,.733
1904,CLE,150,579,97,177,31,17,6,56,51,,38,--,.306,.371,.449,.820
1900,PIT,135,527,107,201,45,22,4,100,41,,38,--,.381,.434,.573,1.007
1909,PHI,143,522,60,141,33,14,2,66,43,,38,--,.270,.339,.398,.737
1999,CIN,146,542,93,139,34,9,21,66,80,145,38,12,.256,.357,.469,.826
1896,BAL,106,396,70,130,14,10,0,71,34,11,38,--,.328,.387,.414,.801
1886,STL,67,253,44,52,6,3,0,19,26,,38,--,.206,.280,.253,.533
1998,TEX,154,520,102,151,13,3,2,33,73,90,38,20,.290,.378,.338,.716

1901,CWS,133,521,120,162,16,3,2,65,84,,38,--,.311,.412,.365,.777
1904,CLE,132,506,69,122,12,9,3,36,43,,38,--,.241,.307,.318,.625
1895,CHI,129,516,106,131,19,10,7,62,61,51,38,--,.254,.344,.370,.714
1990,TEX,136,424,66,101,16,8,3,31,57,119,38,15,.238,.332,.335,.667
2008,CLE,157,634,101,170,39,5,33,90,98,130,38,5,.268,.374,.502,.876
1897,CLE,109,428,67,126,10,4,2,43,36,,38,--,.294,.353,.350,.703
1957,NYG,152,585,112,195,26,20,35,97,76,62,38,19,.333,.407,.626,1.033
1970,LA,146,593,92,181,23,16,8,93,29,54,38,14,.305,.335,.438,.773
1893,BAL,127,480,123,154,9,10,5,64,101,11,38,--,.321,.454,.413,.867
1978,KC,138,440,54,109,23,1,2,46,42,56,38,11,.248,.312,.318,.630
1914,NYY,157,570,55,127,14,6,3,51,51,73,38,17,.223,.288,.284,.572
1886,PIT,126,483,75,105,20,9,2,57,42,,38,--,.217,.288,.308,.596
1890,BRO,85,350,78,110,28,6,2,63,32,43,38,--,.314,.378,.446,.824
1889,STL,140,517,91,117,18,6,0,51,52,56,38,--,.226,.303,.284,.587
1886,STL,121,486,96,158,29,7,3,40,38,13,38,--,.325,--,.432,--
1896,BSN,120,502,106,173,26,8,6,101,26,16,38,--,.345,.383,.464,.847
1991,LA,161,615,112,182,13,5,2,38,108,79,38,28,.296,.401,.343,.744
1911,PHA,132,493,92,180,22,13,3,73,62,,38,--,.365,.451,.481,.932
1893,BSN,128,552,149,159,22,6,6,58,73,32,38,--,.288,.376,.382,.758
2001,NYY,137,521,66,130,20,3,9,44,58,73,38,9,.250,.339,.351,.690
1985,LA,142,562,74,137,24,6,6,39,38,113,38,8,.244,.293,.340,.633
1966,LA,143,594,60,162,14,2,1,39,34,60,38,24,.273,.314,.308,.622
1907,NYG,143,491,61,136,16,2,1,54,63,,38,--,.277,.376,.324,.700
1894,BAL,123,525,137,182,39,23,9,128,67,9,38,--,.347,.425,.560,.985
1911,PHA,148,592,96,198,42,14,11,115,40,,38,--,.334,.379,.508,.887

1993,NYM,92,373,64,104,14,8,2,25,21,58,38,13,.279,.316,.375,.691
1902,BAL,129,445,74,109,12,3,2,38,45,,38,--,.245,.327,.299,.626
1999,CIN,149,585,85,167,37,5,10,52,35,81,38,7,.285,.330,.417,.747
1914,PIT,156,593,76,144,25,17,1,31,59,56,38,--,.243,.313,.347,.660
1913,NYG,132,482,67,135,25,6,5,73,59,29,38,--,.280,.364,.388,.752
1986,HOU,127,419,55,108,15,4,6,36,22,52,38,14,.258,.302,.356,.658
1901,BAL,134,547,84,166,19,8,1,77,28,,38,--,.303,.337,.373,.710
1992,HOU,162,613,96,170,32,3,6,39,94,95,38,15,.277,.378,.369,.747
1911,BOS,130,524,93,163,20,6,4,45,73,,38,--,.311,.399,.395,.794
1974,MIN,153,599,86,218,30,5,3,55,74,49,38,16,.364,.433,.446,.879
1913,CIN,141,511,86,132,22,11,1,37,94,68,38,--,.258,.377,.350,.727
2015,HOU,154,638,86,200,40,4,15,66,33,67,38,13,.313,.353,.459,.812
1899,CIN,140,521,104,154,27,11,3,87,70,,38,--,.296,.384,.407,.791
1911,NYG,143,526,102,163,25,25,13,77,71,39,38,--,.310,.397,.527,.924
1932,NYY,151,581,101,174,41,15,10,107,71,55,38,18,.299,.381,.473,.854
1992,TOR,153,641,98,159,26,7,17,60,47,133,37,4,.248,.303,.390,.693
1906,WAS,115,433,56,111,9,5,1,27,35,,37,--,.256,.324,.307,.631
1979,STL,153,587,69,152,22,10,6,68,34,92,37,17,.259,.301,.361,.662
2013,SD,95,381,54,108,15,5,4,31,41,69,37,12,.283,.355,.381,.736
1916,NYG,155,623,105,174,24,8,5,41,63,47,37,26,.279,.346,.368,.714
1965,LAA,134,512,58,128,23,2,11,57,27,72,37,17,.250,.287,.367,.654
1969,KC,145,519,72,136,19,2,11,71,74,75,37,15,.262,.354,.370,.724
2011,TEX,150,587,96,164,27,3,5,60,56,74,37,12,.279,.347,.361,.708
1894,BAL,128,501,134,168,28,16,4,109,37,17,37,--,.335,.411,.479,.890
2007,BAL,132,461,65,124,26,2,8,45,21,65,37,9,.269,.304,.386,.690

1913,SLB,142,489,56,130,18,6,2,42,45,51,37,--,.266,.338,.339,.677
1998,MIN,110,448,71,133,6,6,1,20,44,56,37,7,.297,.361,.344,.705
2012,MIL,137,415,72,108,19,4,19,51,20,98,37,6,.260,.305,.463,.768
1987,LA,157,610,84,171,22,7,6,46,44,61,37,11,.280,.331,.369,.700
1912,NYH,135,496,72,136,25,11,2,41,51,,37,--,.274,.363,.381,.744
2006,LAD,159,654,113,196,32,9,15,63,73,98,37,13,.300,.369,.445,.814
1913,CIN,118,435,49,129,7,6,0,38,17,25,37,--,.297,.327,.340,.667
1999,TOR,145,608,102,185,28,2,11,67,59,83,37,14,.304,.371,.411,.782
1976,OAK,134,490,65,126,20,6,5,53,30,90,37,20,.257,.302,.353,.655
1989,MON,126,258,41,56,7,2,0,21,33,36,37,12,.217,.306,.260,.566
1886,BRO,122,471,95,132,13,10,3,58,70,,37,--,.280,.377,.369,.746
1976,NYY,125,430,59,115,15,4,1,40,58,39,37,12,.267,.355,.328,.683
1889,COL,118,414,62,93,7,10,3,49,58,71,37,--,.225,.327,.312,.639
1997,SF,159,532,123,155,26,5,40,101,145,87,37,8,.291,.446,.585,1.031
1999,CLE,159,563,138,182,40,3,24,120,99,96,37,6,.323,.422,.533,.955
1896,PHI,123,499,131,198,44,17,13,126,62,22,37,--,.397,.472,.631,1.103
1912,NYG,130,479,82,148,22,6,11,84,42,70,37,--,.309,.374,.449,.823
1893,PHI,132,595,145,219,35,18,19,146,47,20,37,--,.368,.423,.583,1.006
1913,SLB,155,592,60,175,31,13,2,87,40,57,37,--,.296,.341,.402,.743
2006,CIN,132,454,67,123,30,2,8,27,57,98,37,11,.271,.363,.399,.762
2004,CIN,143,505,74,140,21,8,3,28,67,88,37,10,.277,.375,.368,.743
1912,NYG,140,482,72,127,20,9,2,47,57,34,37,--,.263,.350,.355,.705
1936,SLB,155,619,112,179,30,6,2,52,117,54,37,9,.289,.404,.367,.771
1914,--,155,597,83,174,28,13,12,90,32,81,37,--,.291,.332,.442,.774
1979,BAL,148,569,80,162,29,1,7,49,43,74,37,12,.285,.336,.376,.712

1901,CIN,133,535,69,146,13,2,4,27,31,,37,--,.273,.323,.327,.650
1906,CWS,143,549,71,153,18,11,0,57,30,,37,--,.279,.324,.352,.676
1899,LOU,147,571,98,197,43,13,7,113,40,,37,--,.345,.399,.494,.893
1887,PHA,126,497,105,154,22,12,3,88,48,,37,--,.310,.380,.421,.801
1911,DET,146,574,109,217,36,14,7,115,61,,37,--,.378,.438,.526,.964
1989,OAK,148,551,81,185,28,2,2,52,51,25,37,15,.336,.398,.405,.803
1905,NYG,148,520,67,126,20,4,7,81,62,,37,--,.242,.337,.337,.674
1911,CIN,153,558,80,139,11,5,1,56,59,50,37,--,.249,.322,.292,.614
1983,CHC,158,633,94,165,25,4,8,48,51,79,37,11,.261,.316,.351,.667
1905,PHA,150,538,88,148,22,8,0,28,121,,37,--,.275,.409,.346,.755
1998,CLE,151,576,86,166,30,6,2,50,62,64,37,12,.288,.358,.372,.730
1914,--,146,545,93,173,40,14,15,91,36,44,37,--,.317,.372,.525,.897
1996,CHC,157,624,111,172,32,5,17,66,73,84,37,9,.276,.360,.425,.785
1985,TOR,152,584,92,151,30,7,18,70,76,91,37,15,.259,.345,.426,.771
1993,PHI,161,637,143,194,44,6,19,66,129,64,37,12,.305,.420,.482,.902
1893,PIT,124,529,129,179,14,11,3,79,75,25,37,--,.338,.422,.423,.845
1914,--,134,502,66,124,15,3,2,39,51,48,37,--,.247,.324,.301,.625
1915,--,141,523,88,164,20,14,3,45,40,21,37,--,.314,.365,.423,.788
1907,PIT,148,501,97,145,18,13,2,59,68,,37,--,.289,.383,.389,.772
1949,BRO,156,593,122,203,38,12,16,124,86,27,37,--,.342,.432,.528,.960
1996,SD,148,465,110,112,17,2,9,29,125,90,37,15,.241,.410,.344,.754
1986,SD,160,642,107,211,33,7,14,59,52,35,37,9,.329,.381,.467,.848
1909,PHI,139,502,70,146,26,4,2,38,48,,37,--,.291,.360,.371,.731
2001,MON,159,599,107,184,45,4,34,108,60,88,37,16,.307,.377,.566,.943
1890,NYK,123,528,102,135,12,9,4,80,37,19,37,--,.256,.307,.335,.642

2007,PHI,131,456,78,128,23,3,12,46,37,62,37,4,.281,.347,.423,.770
1983,NYY,145,557,65,136,21,12,1,42,30,103,37,16,.244,.284,.330,.614
1888,PIT,131,481,61,99,15,2,4,52,22,78,37,--,.206,.248,.270,.518
1889,IND,131,532,83,142,32,1,2,63,9,39,37,--,.267,.282,.342,.624
2019,ATL,156,626,127,175,22,2,41,101,76,188,37,9,.280,.365,.518,.883
1892,NYG,141,508,74,116,11,4,1,48,52,24,37,--,.228,.300,.272,.572
1930,CHC,156,642,155,228,50,17,13,134,72,49,37,--,.355,.428,.547,.975
1928,CHC,133,499,92,142,25,9,17,79,51,61,37,--,.285,.359,.473,.832
1911,STL,138,509,106,133,19,2,1,24,96,52,37,--,.261,.385,.312,.697
1978,SD,154,555,90,171,26,12,4,45,64,80,37,17,.308,.381,.420,.801
1914,SLB,158,584,85,165,34,13,5,65,50,45,37,28,.283,.341,.411,.752
1979,HOU,155,603,60,164,30,5,6,67,21,68,37,18,.272,.299,.368,.667
1982,KC,136,585,87,194,19,15,3,46,26,81,37,11,.332,.365,.431,.796
1897,CIN,128,497,87,145,24,6,2,42,54,,37,--,.292,.375,.376,.751
1898,LOU,148,582,104,177,15,16,6,66,49,,37,--,.304,.367,.416,.783
1895,BRO,127,536,99,167,22,8,8,108,29,48,37,--,.312,.356,.427,.783
1896,BRO,108,430,70,135,23,17,1,55,18,23,37,--,.314,.344,.453,.797
1982,HOU,136,496,73,137,31,10,3,36,37,48,37,8,.276,.327,.397,.724
1999,STL,154,585,92,161,36,2,11,63,53,82,37,8,.275,.334,.400,.734
1900,PHI,140,531,132,168,4,3,0,33,115,,37,--,.316,.451,.335,.786
1961,KCA,158,611,108,171,29,6,3,45,92,38,37,9,.280,.377,.362,.739
1893,NYG,133,549,112,195,22,27,11,119,42,20,37,--,.355,.410,.554,.964
1891,STL,136,578,127,179,21,6,8,95,50,19,37,--,.310,.375,.408,.783
1887,NYG,76,295,40,78,9,3,3,37,12,21,37,--,.264,.304,.346,.650
1903,NYG,129,413,62,104,9,0,1,40,41,,37,--,.252,.348,.281,.629

2002,MIL,112,394,55,114,10,7,1,33,31,62,37,14,.289,.343,.358,.701
1909,CIN,145,523,83,162,17,17,4,86,57,,37,--,.310,.378,.430,.808
1888,CIN,121,411,72,94,12,12,3,51,61,,37,--,.229,.338,.338,.676
1922,SLB,153,585,128,194,34,11,39,155,74,31,37,20,.332,.413,.627,1.040
1921,PIT,140,521,85,161,34,4,7,56,70,30,37,12,.309,.395,.430,.825
2000,BAL,151,561,84,166,43,5,10,86,69,82,37,10,.296,.369,.444,.813
2007,SEA,161,678,111,238,22,7,6,68,49,77,37,8,.351,.396,.431,.827
1887,CIN,85,318,57,94,12,5,4,33,31,,37,--,.296,.364,.403,.767
1999,NYM,121,438,89,138,30,0,12,42,82,82,37,14,.315,.423,.466,.889
1917,SLB,135,539,60,189,30,9,2,52,30,19,37,--,.351,.388,.453,.841
1889,CLE,110,447,66,105,6,6,0,35,30,49,37,--,.235,.289,.275,.564
1978,HOU,153,565,79,178,34,9,10,83,57,57,37,9,.315,.376,.460,.836
2012,PHI,130,394,59,121,10,6,1,25,23,27,37,7,.307,.351,.371,.722
1908,CLE,131,492,70,119,8,4,1,21,76,,37,--,.242,.348,.280,.628
1974,SD,147,512,55,119,19,2,0,34,38,36,37,10,.232,.285,.277,.562
1991,NYM,72,278,45,71,7,5,1,17,39,47,37,14,.255,.347,.327,.674
2010,NYM,151,579,80,168,31,7,11,69,44,97,37,9,.290,.340,.425,.765
2014,KC,120,260,33,70,4,4,1,24,22,52,36,7,.269,.324,.327,.651
1969,CLE,146,557,75,143,26,3,11,45,49,58,36,6,.257,.314,.373,.687
1987,NYM,154,532,108,151,32,5,39,104,97,122,36,12,.284,.398,.583,.981
1915,CLE,154,570,101,154,14,17,3,67,70,82,36,15,.270,.353,.370,.723
1981,CWS,82,337,46,83,10,4,0,24,28,70,36,11,.246,.304,.300,.604
1909,CWS,139,491,71,140,23,13,1,55,51,,36,--,.285,.359,.391,.750
1908,CHC,126,416,83,125,19,6,0,37,66,,36,--,.300,.402,.375,.777
1986,MON,151,576,89,167,31,13,8,49,57,78,36,15,.290,.355,.431,.786

1999,SD,133,478,92,136,24,7,26,72,65,108,36,13,.285,.376,.527,.903
1995,CIN,133,484,91,148,36,6,28,99,69,122,36,12,.306,.397,.579,.976
1982,KC,121,448,79,121,11,3,3,51,48,46,36,9,.270,.343,.328,.671
2006,PHI,158,689,127,191,45,9,25,83,57,80,36,4,.277,.334,.478,.812
1892,CLE,145,608,119,167,15,14,6,66,67,59,36,--,.275,.348,.375,.723
1995,OAK,130,442,81,123,20,2,8,56,49,63,36,5,.278,.353,.387,.740
1886,NYG,122,491,82,134,17,5,2,81,19,46,36,--,.273,--,.340,--
1890,STL,75,314,68,101,9,12,9,75,26,,36,--,.322,.374,.513,.887
1986,PIT,113,413,72,92,26,3,16,48,65,102,36,7,.223,.330,.416,.746
1991,TEX,146,589,108,201,27,3,15,78,65,78,36,9,.341,.408,.474,.882
1895,WAS,117,409,80,114,19,8,6,57,68,39,36,--,.279,.392,.408,.800
1999,KC,145,583,101,179,39,9,14,77,67,50,36,6,.307,.379,.477,.856
1982,CWS,121,336,55,107,15,8,3,32,23,41,36,10,.318,.361,.438,.799
2005,CIN,103,369,69,100,19,3,4,21,51,59,36,10,.271,.371,.371,.742
1890,PHQ,91,347,71,83,17,6,4,58,59,50,36,--,.239,.364,.357,.721
1996,CIN,152,517,117,154,32,4,33,89,96,52,36,10,.298,.410,.567,.977
1895,PIT,125,519,114,160,17,6,1,58,47,19,36,--,.308,.375,.370,.745
1993,CHC,159,598,92,156,25,5,33,93,38,135,36,11,.261,.309,.485,.794
1891,BSR,65,243,76,75,9,15,3,51,63,27,36,--,.309,.460,.506,.966
1920,CIN,149,579,81,196,22,16,4,90,42,22,36,24,.339,.386,.453,.839
2014,DET,134,461,64,130,27,2,8,51,22,75,36,11,.282,.320,.401,.721
1887,WAS,58,212,33,55,8,2,1,18,8,8,36,--,.259,.293,.330,.623
1894,PHI,119,505,107,156,19,7,0,66,36,15,36,--,.309,.360,.374,.734
1914,PHA,148,573,101,156,12,9,3,43,87,46,36,32,.272,.379,.340,.719
1978,NYY,134,499,87,139,18,6,3,42,82,51,36,7,.279,.381,.357,.738
